text,tweets_transform,polarity
is upset that he can't update his Facebook by texting it... and might cry as a result  School today also. Blah!,upset  update Facebook texting  might cry result School today also  Blah,0.0
@Kenichan I dived many times for the ball. Managed to save 50%  The rest go out of bounds,dived many time ball  Managed save 50 rest go bound,0.5
my whole body feels itchy and like its on fire ,whole body feel itchy like fire,0.2
@Kwesidei not the whole crew ,whole crew,0.2
Need a hug ,Need hug,0.0
@Tatiana_K nope they didn't have it ,K nope ,0.0
@twittera que me muera ? ,que muera ,0.0
spring break in plain city... it's snowing ,spring break plain city   snowing,-0.21428571428571427
I just re-pierced my ears ,repierced ear,0.0
@caregiving I couldn't bear to watch it.  And I thought the UA loss was embarrassing . . . . ., bear watch  thought UA loss embarrassing     ,0.0
@iamjazzyfizzle I wish I got to watch it with you!! I miss you and @iamlilnicki  how was the premiere?!,wish got watch miss premiere ,0.0
Hollis' death scene will hurt me severely to watch on film  wry is directors cut not out now?,Hollis  death scene hurt severely watch film wry director cut ,0.0
about to file taxes ,file tax,0.0
@LettyA ahh ive always wanted to see rent  love the soundtrack!!,ahh ive always wanted see rent love soundtrack,0.5
@FakerPattyPattz Oh dear. Were you drinking out of the forgotten table drinks? ,Oh dear  drinking forgotten table drink ,0.0
@alydesigns i was out most of the day so didn't get much done ,day  get much done,0.2
@angry_barista I baked you a cake but I ated it ,barista baked cake ated,0.0
this week is not going as i had hoped ,week going hoped,0.0
blagh class at 8 tomorrow ,blagh class 8 tomorrow,0.0
I hate when I have to call and wake people up ,hate call wake people,-0.8
Just going to cry myself to sleep after watching Marley and Me.  ,going cry sleep watching Marley ,0.0
im sad now  Miss.Lilly,im sad Miss  Lilly,-0.5
ooooh.... LOL  that leslie.... and ok I won't do it again so leslie won't  get mad again ,ooooh   LOL leslie   ok  leslie  get mad,0.225
Meh... Almost Lover is the exception... this track gets me depressed every time. ,Meh  Almost Lover exception  track get depressed every time ,0.0
some1 hacked my account on aim  now i have to make a new one,some1 hacked account aim make new one,0.13636363636363635
@alielayus I want to go to promote GEAR AND GROOVE but unfornately no ride there  I may b going to the one in Anaheim in May though,want go promote GEAR GROOVE unfornately ride may b going one Anaheim May though,0.0
thought sleeping in was an option tomorrow but realizing that it now is not. evaluations in the morning and work in the afternoon! ,thought sleeping option tomorrow realizing  evaluation morning work afternoon,0.0
@julieebaby awe i love you too!!!! 1 am here  i miss you,awe love 1 miss,0.5
@HumpNinja I cry my asian eyes to sleep at night ,cry asian eye sleep night,0.0
ok I'm sick and spent an hour sitting in the shower cause I was too sick to stand and held back the puke like a champ. BED now ,ok  sick spent hour sitting shower cause sick stand held back puke like champ  BED,-0.20571428571428568
@cocomix04 ill tell ya the story later  not a good day and ill be workin for like three more hours...,ill tell ya story later good day ill workin like three hour ,-0.07500000000000001
@MissXu sorry! bed time came here (GMT+1)   http://is.gd/fNge,sorry bed time came  GMT 1 ,-0.5
@fleurylis I don't either. Its depressing. I don't think I even want to know about the kids in suitcases. , either  depressing   think even want know kid suitcase ,-0.6
Bed. Class 8-12. Work 12-3. Gym 3-5 or 6. Then class 6-10. Another day that's gonna fly by. I miss my girlfriend ,Bed  Class 812  Work 123  Gym 35 6  class 610  Another day  gonna fly  miss girlfriend,0.8
really don't feel like getting up today... but got to study to for tomorrows practical exam... ,really  feel like getting today  got study tomorrow practical exam ,0.2
He's the reason for the teardrops on my guitar the only one who has enough of me to break my heart , reason teardrop guitar one enough break heart,0.0
@JonathanRKnight Awww I soo wish I was there to see you finally comfortable! Im sad that I missed it ,Awww soo wish see finally comfortable Im sad missed,0.10000000000000002
Falling asleep. Just heard about that Tracy girl's body being found. How sad  My heart breaks for that family.,Falling asleep  heard Tracy girl  body found  sad heart break family ,-0.5
@Viennah Yay! I'm happy for you with your job! But that also means less time for me and you... ,Yay  happy job also mean le time ,0.24375000000000002
Oh man...was ironing @jeancjumbe's fave top to wear to a meeting. Burnt it ,Oh man  ironing  fave top wear meeting  Burnt,0.5
is strangely sad about LiLo and SamRo breaking up. ,strangely sad LiLo SamRo breaking ,-0.5
@tea oh! i'm so sorry  i didn't think about that before retweeting.,oh  sorry  think retweeting ,-0.5
Broadband plan 'a massive broken promise' http://tinyurl.com/dcuc33 via www.diigo.com/~tautao Still waiting for broadband we are ,Broadband plan  massive broken promise  via www  diigo  com tautao Still waiting broadband,-0.2
our duck and chicken are taking wayyy too long to hatch ,duck chicken taking wayyy long hatch,-0.325
I need a hug ,need hug,0.0
@oanhLove I hate when that happens... ,hate happens ,-0.8
Ugh....92 degrees tomorrow ,Ugh   92 degree tomorrow,0.0
Where did u move to?  I thought u were already in sd. ?? Hmmm. Random u found me. Glad to hear yer doing well.,u move  thought u already sd    Hmmm  Random u found  Glad hear yer well ,0.0
just leaving the parking lot of work! ,leaving parking lot work,0.0
The Life is cool. But not for Me. ,Life cool  ,0.35
I had such a nice day. Too bad the rain comes in tomorrow at 5am ,nice day  bad rain come tomorrow 5am,-0.04999999999999993
@Starrbby too bad I won't be around I lost my job and can't even pay my phone bill lmao aw shucks ,bad  around lost job  even pay phone bill lmao aw shuck,-0.04999999999999993
Damm back to school tomorrow ,Damm back school tomorrow,0.0
@katortiz  Not forever... See you soon!,forever  See soon,0.0
@jdarter Oh! Haha... dude I dont really look at em unless someone says HEY I ADDED YOU. Sorry  I'm so terrible at that. I need a pop up!,Oh Haha  dude dont really look em unless someone say HEY ADDED  Sorry  terrible  need pop,-0.275
@ninjen I'm sure you're right...    I need to start working out with you and the Nikster... Or Jared at least!, sure  right  need start working Nikster  Jared least,0.1619047619047619
i really hate how people diss my bands!  Trace is clearly NOT ugly!,really hate people dis band Trace clearly ugly,-0.75
Why won't you show my location?!   http://twitpic.com/2y2es, show location ,0.0
No picnic  my phone smells like citrus.,picnic phone smell like citrus ,0.0
No new csi tonight.  FML,new csi tonight  FML,0.13636363636363635
i think my arms are sore from tennis ,think arm sore tennis,0.0
wonders why someone that u like so much can make you so unhappy in a split seccond . depressed . ,wonder someone u like much make unhappy split seccond  depressed ,-0.19999999999999998
sleep soon... i just hate saying bye and see you tomorrow for the night. ,sleep soon  hate saying bye see tomorrow night ,-0.8
missin' the boo ,missin  boo,0.0
@markhardy1974 Me too  #itm,itm,0.0
Damn... I don't have any chalk! MY CHALKBOARD IS USELESS ,Damn   chalk CHALKBOARD USELESS,-0.5
@msdrama hey missed ya at the meeting  sup mama,hey missed ya meeting sup mama,0.0
why is it always the fat ones?! ,always fat one ,0.0
@Hollywoodheat I should have paid more attention when we covered photoshop in my webpage design class in undergrad ,paid attention covered photoshop webpage design class undergrad,0.0
wednesday my b-day! don't know what 2 do!! ,wednesday bday  know 2,0.0
Poor cameron (the hills) ,Poor cameron  hill ,-0.4
Strider is a sick little puppy  http://apps.facebook.com/dogbook/profile/view/5248435,Strider sick little puppy,-0.45089285714285715
A bad nite for the favorite teams: Astros and Spartans lose.  The nite out with T.W. was good.,bad nite favorite team  Astros Spartans lose  nite TW good ,0.1666666666666667
 Body Of Missing Northern Calif. Girl Found: Police have found the remains of a missing Northern California girl .. http://tr.im/imji,Body Missing Northern Calif  Girl Found  Police found remains missing Northern California girl  ,-0.2
Behind on my classes for work ,Behind class work,-0.4
watching &quotHouse&quot ,watching quotHouse quot,0.0
@kpreyes Remember my bum leg? Strikes back this time its serious ,Remember bum leg  Strikes back time serious,-0.16666666666666666
Emily will be glad when Mommy is done training at her new job. She misses her.  http://apps.facebook.com/dogbook/profile/view/6176014,Emily glad Mommy done training new job  miss ,0.3181818181818182
would rather the first party send bad messages than the 3rd party send mixed ones  Sophmore year all over again?,would rather first party send bad message 3rd party send mixed one Sophmore year ,-0.11249999999999996
@Henkuyinepu it's overrated , overrated,0.0
@marykatherine_q i know! I heard it this afternoon and wondered the same thing. Moscow is so behind the times ,q know heard afternoon wondered thing  Moscow behind time,-0.4
laying in bed with no voice.. ,laying bed voice  ,0.0
I'm sooo sad!!! they killed off Kutner on House  whyyyyyyyy, sooo sad killed Kutner House whyyyyyyyy,-0.35
@jacobsummers Sorry  tell them mea culpa from me and that I really am sorry.,Sorry tell mea culpa really sorry ,-0.5
@salancaster  hope your ok.,hope ok ,0.5
@mercedesashley Damn! The grind is inspirational and saddening at the same time.  Don't want you to stop cuz I like what u do! Much love,Damn grind inspirational saddening time   want stop cuz like u Much love,0.5
@HibaNick yeah aw but i know i wudnt stand a chance ,yeah aw know wudnt stand chance,0.0
ugh. cant sleep. its 1:30am. ,ugh  cant sleep  1  30am ,0.0
Hanging in Crooners. Wanna sing. Can't. Sucks. ,Hanging Crooners  Wanna sing    Sucks ,-0.3
@eRRe_sC aaw i miss ya all too.. im leaving to BH tomorrow &quotmorning&quot i think.. aww i wanna go to the beach w u girls!! ,sC aaw miss ya   im leaving BH tomorrow quotmorning quot think   aww wanna go beach w u girl,0.3
Is pissed off that there's no ASBA's for a radio station. ,pissed  ASBA  radio station ,0.0
wednesday my b-day n don't know what 2 do!  ,wednesday bday n  know 2,0.0
I know my life has been flipped upside down when I just thought in my head that some Ramen sounds good. ,know life flipped upside thought head Ramen sound good ,0.55
I am in pain. My back and sides hurt. Not to mention crying is made of fail. ,pain  back side hurt  mention cry made fail ,-0.25
"Late night snack, glass of OJ b/c I'm &quotdown with the sickness&quot, then back to sleep...ugh I hate getting sick... ",Late night snack  glass OJ b c  quotdown sickness quot  back sleep  ugh hate getting sick ,-0.4535714285714286
@allyheman but.. but.. but.. I'm not a big fan on camilla belle ,       big fan camilla belle,0.0
This week just seems to get longer and longer in terms of how much I need to do.. and how much I'm actually going to get done ,week seems get longer longer term much need   much  actually going get done,0.1
I'm so cold , cold,-0.6
@thecoolestout Ehhh don't. Weather's gonna take a turn for the ugly tomorrow ,Ehhh   Weather  gonna take turn ugly tomorrow,-0.7
@chelserlynn haha its so cooooold in the d! and no  but you should still go to the show. they do some incredible stuff,haha cooooold still go show  incredible stuff,0.55
Hoping the tummy rumbles go away soon ,Hoping tummy rumble go away soon,0.0
almost bedtime ,almost bedtime,0.0
I'm missing you babe..  but as long as your alive I'm happy.. Yawwwnn.. I'm tired my love imma try to sleep hopefully you had a headstart, missing babe   long alive  happy   Yawwwnn    tired love imma try sleep hopefully headstart,0.125
Agh...snow!!! ,Agh  snow,0.0
i miss kenny powers ,miss kenny power,0.0
@JonathanRKnight I guess that's a no then. ,guess  ,0.0
sadly is going to bed. ,sadly going bed ,-0.5
@ozesteph1992 Shame to hear this Stephan ,Shame hear Stephan,0.0
@mrsaintnick hey! i'm leavin in the morning... ,hey  leavin morning ,0.0
laid around too much today... now my head hurts ,laid around much today  head hurt,0.2
@twista202 I still haven't read the 9th&amp10th Princess diaries  Saving Francesca made me cry at the end. Hmm those are easy books.,still  read 9th amp10th Princess diary Saving Francesca made cry end  Hmm easy book ,0.43333333333333335
my nokia 1110 died..  ,nokia 1110 died  ,0.0
My mom might have breast cancer won't find out anything for. Like a week I'm so worried! ,mom might breast cancer  find anything  Like week  worried,0.0
Going to sleep. Hoping tomorrow is a better day. ,Going sleep  Hoping tomorrow better day ,0.5
@rumblepurr lol.. wish they understood daylight savings has ended though and breakfast is an hour later  They keep waking the kids up too,lol   wish understood daylight saving ended though breakfast hour later keep waking kid,0.4
@onemoreproject that is lame ,lame,-0.5
I don't understand... I really don't , understand  really ,0.2
HEROES just isn't doing it for me this season... ,HEROES  season ,0.0
Living not downtown sure isn't much fun.  ,Living downtown sure  much fun ,0.4
@jonathanchard Not calorie wise   I wish junk food was calorie free! I ate a thing of sour skittles and a big ass cherry coke!,calorie wise wish junk food calorie free ate thing sour skittle big as cherry coke,0.23750000000000002
Man Work is Hard ,Man Work Hard,-0.2916666666666667
Getting eyebrows waxed. More pain ,Getting eyebrow waxed  pain,0.0
No phantasy star yesterday  going to work...,phantasy star yesterday going work ,0.0
Oh - Just got all my MacHeist 3.0 apps - sweet. Didn't get the Espresso serial no though although they said they sent it - oh well ,Oh got MacHeist 3  0 apps sweet   get Espresso serial though although said sent oh well,0.35
Picked Mich St to win it all from the get go.  Was feeling pretty good about that pick all the way up until......tonight.  A's lost too ,Picked Mich St win get go  feeling pretty good pick way   tonight   lost,0.5833333333333334
is alone downstairs...working ,alone downstairs  working,0.0
I feel bad for doing it ,feel bad,-0.6999999999999998
@pinkserendipity yes sprint has 4g only in baltimore and chicago so far ,yes sprint 4g baltimore chicago far,0.1
I'm stuck awake in the middle of the night for the second day in a row. And I felt terrible yesterday. , stuck awake middle night second day row  felt terrible yesterday ,-0.3333333333333333
Thanks for bursting my bubble ,Thanks bursting bubble,0.2
Going to school soon... can't find anything to wear!! gosh it's so hard ,Going school soon   find anything wear gosh  hard,-0.2916666666666667
@marieclr I was serious  LOL,serious LOL,0.23333333333333336
@naughtyhaughty I had on my page for sooooo long!!! Until it got deleted  Sad day in history,page sooooo long got deleted Sad day history,-0.275
Crazy wind today = no birding  http://ff.im/1XTTi,Crazy wind today  birding,-0.6
currently at work.. ,currently work  ,0.0
Grrr.. my ipods acting weird too! Jai ho and thinking of you aren't playing the full songs.. ughh. ,Grrr   ipod acting weird Jai ho thinking  playing full song   ughh ,-0.2125
@penndbad send me the DVD cos I have missed out on heaps  NOT happy about that!,send DVD co missed heap happy,0.8
i don't see the big deal with this website , see big deal website,0.0
@machineplay I'm so sorry you're having to go through this. Again.  #therapyfail, sorry  go   therapyfail,-0.5
@ColinDeMar Far too out of the way for rail.  any other tips?,Far way rail  tip ,0.1
I'm not still up I swear. Why do I keep losing. gaining. losing. gaining. tweeps?  So heart wrenching., still swear  keep losing  gaining  losing  gaining  tweeps  heart wrenching ,0.0
@dannyvegasbaby danny im upset that i wasnt here to watch the live chat  i was in a car. for 3 hours on a trip im soooo upset!!,danny im upset wasnt watch live chat car  3 hour trip im soooo upset,0.13636363636363635
Check out my mug  http://www.erika-obscura.blogspot.com,Check mug,0.0
Borders closed at 10 ,Borders closed 10,-0.1
Downloading NIN's new album &quotthe slip&quot - when the hell did this come out? I'm so behind the times these days ,Downloading NIN  new album quotthe slip quot hell come   behind time day,-0.13181818181818183
Just woke up an already have written some e-mail... I've to go early at University today as I have to teach at 8:30 AM! ,woke already written email   go early University today teach 8  30,0.1
is watching the hill . . .and its making me sad ,watching hill    making sad,-0.5
So many channels.... yet so so boring... lazy day again  may have to find a hobby,many channel   yet boring  lazy day may find hobby,-0.25
@supersport I miss my buddy  ill be in NY on the 25th,miss buddy ill NY 25th,-0.5
@robluketic  love the french. I tell people here in the south i'm qtr. french and they snarl at me.  french are beautiful people,love french  tell people south  qtr  french snarl  french beautiful people,0.27
Opps.. As I said.. I still got one day remain and now problem come ,Opps   said   still got one day remain problem come,0.0
@HillyDoP  oH NO,oH,0.0
spencer is not a good guy. ,spencer good guy ,0.7
didn't get shit done today ~ i'm so screwed , get shit done today  screwed,-0.2
wanttss to go out ,wanttss go,0.0
Is not going to sleep tonite. ,going sleep tonite ,0.0
too worried and tired to post tonight ,worried tired post tonight,-0.4
couldn't get shit done today ~ i'm so screwed , get shit done today  screwed,-0.2
@DjAlizay I really don't think people choose to be that way. But I think he chose not to accept my family's help   He might be dead by now,really  think people choose way  think chose accept family  help might dead,0.0
@cheechbud i think ur right!! hahaha!! 4.5 hrs now!! ,think ur right hahaha 4  5 hr,0.24285714285714285
i hate to see the spartans so sad ,hate see spartan sad,-0.65
My mind and body are severely protesting this &quotgetting up&quot  thing. Had nightmares to boot ,mind body severely protesting quotgetting quot thing  nightmare boot,0.0
@mandayyy ,,
@twista202 I think I want to read some books but the library doesn't have them ,think want read book library ,0.0
My nap was interrupted so many times today  Going out for Japanese with the 'rents again...,nap interrupted many time today Going Japanese  rent ,0.25
Kind of longs for the bus that shows up at the end of Ghost World right now. Ugh. ,Kind longs bus show end Ghost World right  Ugh ,0.44285714285714284
@GuruMN but this is canada  canada is weird. we're supposed to get snow through wednesday. ugh.,canada canada weird   supposed get snow wednesday  ugh ,-0.5
Awwh babs... you look so sad underneith that shop entrance of &quotYesterday's Musik&quot  O-: I like the look of the new transformer movie ,Awwh babs  look sad underneith shop entrance quotYesterday  Musik quot  like look new transformer movie,-0.18181818181818182
sad that the 'feet' of my macbook just fell off ,sad  foot  macbook fell,-0.5
I'm gonna get up late tomorrow and it's 132am here. I gonna get tipsy by my lonesome. That's...that's just sad , gonna get late tomorrow  132am  gonna get tipsy lonesome     sad,-0.4
@infinitydefines  omgawd i couldnt handle my cat being in heat all the time D: D:,omgawd couldnt handle cat heat time  ,0.0
@DonnieWahlberg I hope i can make it to the auburn show. but its not looking good for me ,hope make auburn show  looking good,0.7
@David_Henrie *thats people mag haha i couldnt fit it all in.. i dont think those pictures ever made it in the magazine tho!  haha,Henrie thats people mag haha couldnt fit   dont think picture ever made magazine tho haha,0.26666666666666666
@breadandbadger Congrats!!  i totally forgot to submit photos ,Congrats totally forgot submit photo,0.0
@imaginarypeach now your leaving me  .... -gets sad-,leaving   get sad,-0.5
SHOOTING OUTSIDE MY HOUSE :O NOT KIDDING! So SCARED ,SHOOTING OUTSIDE HOUSE  KIDDING SCARED,0.0
Tuesdayï¿½ll start with reflection ï¿½n then a lecture in Stress reducing techniques. That sure might become very useful for us accompaniers ,Tuesdayï ½ll start reflection ï ½n lecture Stress reducing technique  sure might become useful u accompaniers,0.4
What tragedy and disaster in the news this week ,tragedy disaster news week,0.0
yes yes still trying to find a picture that will upload correclty.. ,yes yes still trying find picture upload correclty  ,0.0
Why oh why was the Red Sox game rained out? I was so looking forward to opening day ,oh Red Sox game rained  looking forward opening day,-0.2
I still can't find my keys. ,still  find key ,0.0
@charlietm I know right. I dunno what is going on with twitter. ,know right  dunno going twitter ,0.2857142857142857
might be getting a sore throat again ,might getting sore throat,0.0
@labelsnotlove   my home town. My mammy called all depressd.  Pls explain y a parent let their 8yr old child walk alone? Hello? Its 2009!,home town  mammy called depressd  Pls explain parent let 8yr old child walk alone  Hello  2009,0.1
@ircmaxell - I think I need to find better anti-depressants.  I think this Paxil/Wellbutrin combo is losing its efficacy.  ,think need find better antidepressant  think Paxil Wellbutrin combo losing efficacy ,0.5
@MyConnecticut Restaurant called WoodNTap has competitive eating tourney round tourney time. We place 2nd ,Restaurant called WoodNTap competitive eating tourney round tourney time  place 2nd,-0.1
is in the bathroom... wake up lakin. ,bathroom  wake lakin ,0.0
@CaitlinOConnor i want tacos and margarhitas  telll gay i say hello&lt3,want taco margarhitas telll gay say hello lt3,0.4166666666666667
bad day at the betfair office ,bad day betfair office,-0.6999999999999998
I miss him.  Can't wait to celebrate the Tar Heel win this weekend though!!,miss   wait celebrate Tar Heel win weekend though,0.8
I'm really cold. I don't want to go to sleep yet but there's nothing to do , really cold   want go sleep yet  nothing,-0.6
@kristencampisi is this it 4 u? Its ' officially over ' 4 me this go round! ,4 u   officially  4 go round,-0.2
monkeys??? i just found out you my twin and you wont even write back.  i'm heartbroken,monkey    found twin wont even write back   heartbroken,-0.025
@miss_om Aww  I know I felt like that yesterday at work ,om Aww know felt like yesterday work,0.3
@SarahReedSC treaty isn't defined ,treaty  defined,0.0
missed Brent at praise band.   No fun to not have the your lead guitarist.  &ltpout&gt,missed Brent praise band  fun lead guitarist  ltpout gt,0.3
@jpfurry poor john  this is what happens when you play with fruit and a microwave! Seriously though HAVE you seen a doctor?? Xxx,poor john happens play fruit microwave Seriously though seen doctor   Xxx,-0.3666666666666667
Missing My BFF  watching home and away it reminds me of her and me  we &lt3 It. shout out to u courts,Missing BFF watching home away reminds lt3  shout u court,-0.2
@mandayyy   ,,
New video card is DOA. ,New video card DOA ,0.13636363636363635
missed Brent at praise band.  No fun to not have your lead guitarist. &ltpout&gt,missed Brent praise band  fun lead guitarist  ltpout gt,0.3
i think to much on the past. i cant change it. i deserved so much more then wat i got. ..but why am i still thinking about him  gah,think much past  cant change  deserved much wat got    still thinking gah,-0.024999999999999994
has lost his ring. It's no-where to be seen ,lost ring   nowhere seen,0.0
"@burgaw Ooooooh! *sealclap* See, I download shitloads of zip folders off 4chan. I have no internet moneys.  FUCK YEAH ALICIA &amp MIKEY.",Ooooooh sealclap See  download shitloads zip folder 4chan  internet money  FUCK YEAH ALICIA amp MIKEY ,-0.4
Is still nursing my Nile but glad he is feeling better. I hate when my baby is sick ,still nursing Nile glad feeling better  hate baby sick,-0.1285714285714286
Is fucked to go back to IC ,fucked go back IC,-0.3
@Brandizzzle08 yoyoyo. my internet has been rude tonight. it JUST reconnected and I'm about to go to bed. ,yoyoyo  internet rude tonight  reconnected  go bed ,-0.3
@jemcam well i have uni stuff and netball  but after netbal if i've done uni stuff we can,well uni stuff netball netbal  done uni stuff,0.0
@kissability Me too I is poor ,poor,-0.4
help me forget 8th april &amp 13th july! ,help forget 8th april amp 13th july,0.0
i have to take my sidekick back. ,take sidekick back ,0.0
@chriscantore congrats! I'm totally jealous! only wish my XM was working ,congrats  totally jealous wish XM working,0.0
gr8t my face is very itchy ,gr8t face itchy,0.0
poor socks  luvvvvv the golden retriever!! I want one sighhhh,poor sock luvvvvv golden retriever want one sighhhh,-0.05000000000000002
I just saw that they found that Tracy girl in a piece of luggage... How fucking terrible ,saw found Tracy girl piece luggage  fucking terrible,-1.0
Aaaaand the nausea is back. ,Aaaaand nausea back ,0.0
@DonnieWahlberg ooh Iï¿½m excited and not even going 2 be there  long love YOUTUBE!,ooh Iï ½m excited even going 2 long love YOUTUBE,0.27499999999999997
spent 1 hour to reach to Axis bank only to find out today is holiday for Mahavir Jayanti  contd..,spent 1 hour reach Axis bank find today holiday Mahavir Jayanti contd  ,-0.1
@mathewsmichael  i agree... the jobros dont update theres very often ,agree  jobros dont update there often,0.0
@fishmouse it is hilarious and I linked the clip from LJ some time ago but when I went back just now it was a dead link ,hilarious linked clip LJ time ago went back dead link,0.09999999999999999
@DiannePulham OOOOOOOO who with? (im not neither but thats because i need to study  ),OOOOOOOO   im neither thats need study ,0.0
@bostongarden I miss bentley ,miss bentley,0.0
seriously needs to finish these job applications ,seriously need finish job application,-0.3333333333333333
Whinging. My client&ampboss don't understand English well. Rewrote some text unreadable. It's written by v. good writer&ampreviewed correctly. ,Whinging  client ampboss  understand English well  Rewrote text unreadable   written v  good writer ampreviewed correctly ,0.35
@huntermoore I don't want him to ever punch me.  , want ever punch ,0.0
sooo sick of the snow  ughh,sooo sick snow ughh,-0.7142857142857143
@ITS_NEMESIS ------- ,NEMESIS,0.0
@LoveMeagan it doesn't work your fan is upset , work fan upset,0.0
I would like to apologize for the repeated Video Games Live related tweets. I am going to have a stern discussion with Koodo soon. Stern. ,would like apologize repeated Video Games Live related tweet  going stern discussion Koodo soon  Stern ,0.06818181818181818
@zaydia but i cant figure out how to get there / back / pay for a hotel etc ,cant figure get back pay hotel etc,0.0
"FML: So much for seniority, bc of technological ineptness, I now have to &quotregister&quot for classes AGAIN ",FML  much seniority  bc technological ineptness  quotregister quot class,0.2
feels like she slept the day away.    Not looking forward to any more bouts with my gallbladder.  At least I have pills now for the pain.,feel like slept day away  looking forward bout gallbladder  least pill pain ,-0.3
@ThaStevieG but what I really want is my old bass back ,really want old bass back,0.037500000000000006
Mad tired today... Callin it in early tonight  nighty night twittas,Mad tired today  Callin early tonight nighty night twittas,-0.3083333333333333
I'm afraid I had bad code. , afraid bad code ,-0.6499999999999999
Think I'm going to bed. Goodniight. I hate this ,Think  going bed  Goodniight  hate,-0.8
@kariajay  All this time you didn't notice I was gone...just needed DB2 is it??,time  notice gone  needed DB2  ,0.0
@aaronrva is in the bathroom and i have to pee!    ,bathroom pee,0.0
@ashleyskyy but I wanted a margarita too! ,wanted margarita,0.0
@KourtneyKardash yup night workouts r the worst but unfortunetly my work schedule only allows me to go at night  its tough!,yup night workout r worst unfortunetly work schedule allows go night tough,-0.6944444444444444
Just called Hillsong again - they said they couldn't tell me where I was on the waiting list - I don't know if it's looking so good ,called Hillsong said  tell waiting list  know  looking good,0.7
@jokerrrr It stillllll hasn't arrived ,stillllll  arrived,0.0
@karenucol ah! I bet it does I've been like craving to play softball or basketball !!! But I have noo time ,ah bet  like craving play softball basketball noo time,0.0
Is terrified she accidentally deleted a reference in her management assignment and hopes she doesnt get in trouble when she gets back ,terrified accidentally deleted reference management assignment hope doesnt get trouble get back,-0.1
amazon s3 plugin not worked in my website . it need PHP 5 . but my hosting provider has only PHP 4.4  . very sad.,amazon s3 plugin worked website  need PHP 5  hosting provider PHP 4  4  sad ,-0.5
Just watched tropic thunder. Dreading tomorrow ,watched tropic thunder  Dreading tomorrow,0.0
@qweendassah no...he's still miss'n... ,  still miss  n ,0.0
ChiefDelphi is down ,ChiefDelphi,0.0
playing game at home! my new boss didn't call me yet... ,playing game home new bos  call yet ,-0.13181818181818183
Su yin Huen tweeted I feel unbearable guilt. I made my staff cry  http://tinyurl.com/cw2l9t,Su yin Huen tweeted feel unbearable guilt  made staff cry,0.0
Poor Joshy is sick???   those damn tejanos!,Poor Joshy sick    damn tejanos,-0.5571428571428572
My thoughts are with Sandra Cantu's family at this difficult and sad time ,thought Sandra Cantu  family difficult sad time,-0.5
Michigan who?  I don't know them.                   *sigh*   Shameful!,Michigan   know  sigh Shameful,0.0
i have to fill two hours ,fill two hour,0.0
@JonathanRKnight Oh! Did I mention it? &quotGooooood Moooorniiiiiiing&quot  from Germany! Im back in my cage....or better...my office ,Oh mention  quotGooooood Moooorniiiiiiing quot Germany Im back cage   better  office,0.25
throat is closing up and i had some string cheese. not a good idea ,throat closing string cheese  good idea,0.7
wishing i was home underneath my covers ,wishing home underneath cover,0.0
walking home from school drains all my energy ,walking home school drain energy,0.0
@SaveTheStrib Dang! I would have done this if I knew it was there earlier.  Any other outings planned?,Dang would done knew earlier  outing planned ,0.0
I wish I was better at writing. It's taking me so long to write this paper. ,wish better writing   taking long write paper ,0.225
..and of course... I have access to my Halo 3 Mythic Map Pack re-download.. but bad news.. not the Legendary Map Pack... ugh.. 600MS... ,  course  access Halo 3 Mythic Map Pack redownload   bad news   Legendary Map Pack  ugh   600MS ,0.15000000000000008
@thecoolestout Ha the sun's already gone ,Ha sun  already gone,0.0
day 2. a lot harder than day 1. let's see how day 3 goes tomorrow. ,day 2  lot harder day 1  let  see day 3 go tomorrow ,-0.1
My man crush Jake Peavy let me down  #gayforpeavy,man crush Jake Peavy let gayforpeavy,0.0
michigan state you make me sad ,michigan state make sad,-0.5
omg. my mouth is in so much pain  i just wanna sleep untill its time to take my braces off.,omg  mouth much pain wanna sleep untill time take brace ,0.2
getting annoyed easily today  &gt&gt&gt biofuel proposal: getting annoyed easily today  &gt&gt&gt biof.. http://tinyurl.com/ceprvs,getting annoyed easily today gt gt gt biofuel proposal  getting annoyed easily today gt gt gt biof  ,0.016666666666666663
@MizzChievouz Hey girl. The site is back.  Girlyvue is back and they have even more videos. ,Hey girl  site back  Girlyvue back even video ,0.0
@a5hleyf i'm spending time with my grandma early tomorrow and i can't leave skittles by herself. , spending time grandma early tomorrow  leave skittle ,0.1
just got home from watching Michigan State get tromped!   ,got home watching Michigan State get tromped,0.0
"Oh jew-bus! Two years worth of classes' work is ALOT to organize &gt_&lt i'm not finishing tonight, it's not possible...my bones ache ",Oh jewbus Two year worth class  work ALOT organize gt lt  finishing tonight   possible  bone ache,0.15
@hyperbets i hope this doesn't last too long.  i feel miserable!,hope  last long  feel miserable,-0.35000000000000003
@rcompo RACHEL! hang outage is neccessary - i was gonna be home this wekend but dumb folk make me work   so im free F and Sat until 4...,RACHEL hang outage neccessary gonna home wekend dumb folk make work im free F Sat 4 ,0.012500000000000011
@TheLeagueSF Not Fun &amp Furious? The new mantra for the Bay 2 Breakers? It was getting 2 rambunctiousthe city overreacted &amp clamped down ,Fun amp Furious  new mantra Bay 2 Breakers  getting 2 rambunctiousthe city overreacted amp clamped,0.21818181818181817
@amber_benson  my hubby (for some reason) thinks it's more important he has a good spot for red carpet for the Trek Movie Premiere. Sod!,benson hubby  reason  think  important good spot red carpet Trek Movie Premiere  Sod,0.3666666666666667
@Jeffree_Star Jeffree! How do you keep your hair one color? My PERMANENT dye fades within the week ,Star Jeffree keep hair one color  PERMANENT dye fade within week,0.0
@maddyVA Thanks a lot. Learned a lot of new words but didn't find what I was looking for. ,Thanks lot  Learned lot new word  find looking ,0.16818181818181818
Wish I had all the XBLM downloads all on the gamertag 'Hitokyri'. This 5 gamertag thing is nonsense... and I'm tired of it ,Wish XBLM downloads gamertag  Hitokyri   5 gamertag thing nonsense   tired,-0.4
New Testament Test at 9:30 am   ,New Testament Test 9  30,0.13636363636363635
@ScoutBuck tons no hay Troll? ahhhh ,ton hay Troll  ahhhh,0.0
stupid movies we watched... mirrors ugggggh... stooopeeed!!! rip off! ,stupid movie watched  mirror ugggggh  stooopeeed rip,-0.7999999999999999
last one!!! but still not done!!! ,last one still done,0.0
homework.... ,homework  ,0.0
I don't understand why things get taken away. I didn't have enough time with him its unfair. I want him back!! He was like my baby , understand thing get taken away   enough time unfair  want back like baby,-0.16666666666666666
Scratch that: du in heif (two in a half) cookies. My tum just can't take anymore shoog. Poots ,Scratch  du heif  two half  cooky  tum  take anymore shoog  Poots,-0.16666666666666666
@cococourtney i was just listening to the sweets for the first time in forever! i miss them so much  can we go to chi town for visits plz?,listening sweet first time forever miss much go chi town visit plz ,0.26666666666666666
@Sara_Kate Im afraid too  ( ur reply about uni from ages ago,Kate Im afraid  ur reply uni age ago,-0.6
feeling down ,feeling,0.0
@CarVin1 lol they are some emotional ass men!! Omg all this late night eating.. Both of us are broke ,lol emotional as men Omg late night eating   u broke,0.16666666666666666
 wonder if Jon lost the net,wonder Jon lost net,0.0
Wow. The most depressing thing in the world is losing a video that you've created in a matter of seconds.  #FML,Wow  depressing thing world losing video  created matter second  FML,-0.16666666666666666
@nchokkan https://www.mycomicshop.com/search?TID=395031 But all says not in stock ,say stock,0.0
@Poohpot lmao im sorry poohpot i ate it all! ,lmao im sorry poohpot ate,0.04999999999999999
Any chance  Softbelly (for @MTUB) isn't loud? ,chance Softbelly    loud ,0.1
Time to move my posterior  and lose some fat. My articulation are creaking so no more running  but Iï¿½m drool for some swimming,Time move posterior lose fat  articulation creaking running Iï ½m drool swimming,0.0
listening to nathan cry.... ,listening nathan cry  ,0.0
today sucked. I'm gonna die without chris and callum!  wahhh!,today sucked   gonna die without chris callum wahhh,0.0
@ohsbrat30...I'm sorry. I'm feeling kinda yucky myself. 5am is going to come too quick ,  sorry   feeling kinda yucky  5am going come quick,-0.08333333333333334
is in love with scrappy and is missin him already ,love scrappy missin already,0.5
wants to hear @seblefebvre 's song but myspace is messing with me ,want hear  song myspace messing,0.0
Bad news was Dad has cancer and is dying   Good news new business started and  I am now a life coach practising holistic weight management,Bad news Dad cancer dying Good news new business started life coach practising holistic weight management,0.04545454545454549
@duchess_rebecca Man... intervention is soo sad ,rebecca Man  intervention soo sad,-0.5
HELP! I need a new boyfriend... I'm stuck in a rut ,HELP need new boyfriend   stuck rut,0.13636363636363635
I feel like a complete idiot. I'm the only one who doesn't get how this shit works  help me ,feel like complete idiot   one  get shit work help,-0.30000000000000004
Saw an ad on Craigslist for a casting call for a female host on G4. I was totally psyched! But realized it was a hoax ,Saw ad Craigslist casting call female host G4  totally psyched realized hoax,0.0
Pepperoni rolls in L.A.?: I called Valentino's - they said that they had sausage rolls but no pepperoni rolls  http://tinyurl.com/cec5ka,Pepperoni roll LA   called Valentino  said sausage roll pepperoni roll,0.0
i want the new GG episode already ,want new GG episode already,0.13636363636363635
I miss watching Rocko's Modern Life. ,miss watching Rocko  Modern Life ,0.2
RIP Sandra....its so sad    how can someone do something like that??,RIP Sandra   sad someone something like  ,-0.5
Keeping my fingers crossed for my buddy    He is not feeling well.,Keeping finger crossed buddy feeling well ,0.0
Wait should I eat?? Or be skinny for vegas!! I'm hungry! ,Wait eat   skinny vega  hungry,0.0
Sitting here wondering why &quotED&quot still has such a strong hold on me ,Sitting wondering quotED quot still strong hold,0.4333333333333333
@bananaface IM SORRY I GOT YOU SICK.  lol. going to bed too. NIGHT!,IM SORRY GOT SICK  lol  going bed  NIGHT,-0.13809523809523813
@Steve_Buscemi the weather in Canada is freezing ,Buscemi weather Canada freezing,0.0
twiggassssssss I been out of range all day  I'm back now and hopefully for good.,twiggassssssss range day  back hopefully good ,0.35
@danadearmond ,,
anyone who reads this pray for my Grandma. She's in pain ,anyone read pray Grandma   pain,0.0
"#3 woke up and was having an accident - &quotIt's pushing, it's pushing!&quot he was crying because he couldn't stop from wetting his pants.  ",3 woke accident quotIt  pushing   pushing quot cry  stop wetting pant ,0.0
@johnnybeane hey! you just changed your default. ,hey changed default ,0.0
Finally gave in and was bored enough to start this thing. I think the 140 is going to be a problem for me tho.  its like a myspace status.,Finally gave bored enough start thing  think 140 going problem tho  like myspace status ,-0.16666666666666666
buttload of homework! ,buttload homework,0.0
needs another copy of visual studio 2008 ,need another copy visual studio 2008,0.0
omg i've an economics test. and i dont know all the things i have to know and omg im gonna fail ,omg  economics test  dont know thing know omg im gonna fail,-0.5
@hummiemd I KNOW! I was really surprised since everyone recommends them on youtube.  I have to call them tomorrow and figure it all out.,KNOW really surprised since everyone recommends youtube  call tomorrow figure ,0.1
Waiting at the airport for my ride while I get harassed by 2 men trying to sell me ugly hats.. Why me?!  I just want to sleep..,Waiting airport ride get harassed 2 men trying sell ugly hat    want sleep  ,-0.7
i left my IDs at the location and now i can not go out to bars  FUCKKKKKKKKKKKKK,left IDs location go bar FUCKKKKKKKKKKKKK,0.0
@celycarmo i'm sorry I don't understand your last comment , sorry  understand last comment,-0.25
@OfficialRandL when is the announcement? i stayed up late last night ,announcement  stayed late last night,-0.15
ITS NOT ENOUGH TO SAY THAT IMISS U ,ENOUGH SAY IMISS U,0.0
This trolley has up packed in like sardines! Padre game and they REMOVE a car?! Good call MTS ,trolley packed like sardine Padre game REMOVE car  Good call MTS,0.14999999999999997
@SupaMagg that happened to me saturday night. along with my glittery green lighter! ,happened saturday night  along glittery green lighter,-0.2
trying to reduce the number of cigarettes in each day! ,trying reduce number cigarette day,0.0
yea it is so quiet around here cuz everyone has to work im bored to death with nobody to talk to ,yea quiet around cuz everyone work im bored death nobody talk,-0.25
gotta do my cooking assignment  its too hard,gotta cooking assignment hard,-0.2916666666666667
@mamasvan lol - nope! but i did have complete #camerafail ,lol nope complete camerafail,0.45
@maxime68 @megelder But! I'm useless if I don't sleep  It's not fair! I want all the fun as well!!!, useless  sleep  fair want fun well,0.16666666666666666
My Pookie has a UTI.  I have to be Nurse Gabbie and get him back to 100%!!! No more sodas!!!!!!!!!!!!!!,Pookie UTI  Nurse Gabbie get back 100 soda,0.0
@jillianfish tweet something damn it!  and hang out with me please? ,tweet something damn hang please ,0.0
@anistorm ,,
"@sleep_til_noon I did, it was the only one left but I got tempted and ate it soon as I got home  I had a chocolate velvet &amp ate d mocha",tilnoon  one left got tempted ate soon got home chocolate velvet amp ate mocha,0.0
Is stressing out because my blackberry keeps flashing a red alert status for no reason!! Its faking me out and I hate it!!! ,stressing blackberry keep flashing red alert status reason faking hate,-0.4
http://twitpic.com/2y34e - I wanna wear my Doc Martens out! Haven't worn them since December. ,wanna wear Doc Martens  worn since December ,0.0
When to the shoe repair shop and the guy could not find my shoes!  So I have to go back and see if he can find them in a couple days. ,shoe repair shop guy could find shoe go back see find couple day ,0.0
@B_Barnett I did not really see that coming ,Barnett really see coming,0.2
it'll take 3 days for my sister to get her passport , take 3 day sister get passport,0.0
@nicolerichie OH MY YES!! i miss ,OH YES miss,0.0
Uh oh... I think I am getting sick ,Uh oh  think getting sick,-0.7142857142857143
Good GOD they ruined my belly button!!!  ,Good GOD ruined belly button,0.7
Watching Who Framed Roger Rabbit. Makes me miss Toon Town. ,Watching Framed Roger Rabbit  Makes miss Toon Town ,0.0
running nose + spinning head = not a good combination for a meeting! ,running nose spinning head  good combination meeting,0.7
@EazyDoesIt87 NEGATIVE.. you lost my vote of confidence ,NEGATIVE   lost vote confidence,-0.3
Nasty budget due and my iphone is being sent to Apple today. ,Nasty budget due iphone sent Apple today ,-0.5625
@Sofii_Noel thatï¿½s bad ,Noel thatï ½s bad,-0.6999999999999998
I'm so upset that I missed my chat and quiz online because my free internet has ceased , upset missed chat quiz online free internet ceased,0.4
can't believe it! I'm in disbelief of it all in a way really. How much can I take from people and always get hurt by others!! , believe  disbelief way really  much take people always get hurt others,0.2
Car show season has started without me ,Car show season started without,0.0
my throat is raw. ,throat raw ,-0.23076923076923078
@KevChoice I just don't get it. What in a persons mind could even have them on some ish like this???  My prayers are with her fam for real, get  person mind could even ish like    prayer fam real,0.2
@frago I hate you. I didn't need to see that. I need to call my therapist now. ,hate   need see  need call therapist ,-0.8
Twilight didn't come yesterday  fingers crossed for today,Twilight  come yesterday finger crossed today,0.0
@NileLegania glad I was able help you feel better. I hate to see you sick  Love you!,glad able help feel better  hate see sick Love,0.08095238095238094
is tireddddddd. want to sleep but i have an assignment to finish and an exam tomorrow to study for ,tireddddddd  want sleep assignment finish exam tomorrow study,0.0
omg..its jst teusday ,omg   jst teusday,0.0
@ddlovato @David_Henrie ummmmm i cant find it. ,Henrie ummmmm cant find ,0.0
Just heard that they found Sandra Cantu... She was only 8 yrs old ,heard found Sandra Cantu  8 yr old,0.1
@corrosivecandy Ive forgotten how to snoo-snoo  I wonder if snoo-snoo and I will ever meet again...,Ive forgotten snoosnoo wonder snoosnoo ever meet ,0.0
@AmaNorris wow that last tweet made me seem like a giant sexist...sorry about that ,wow last tweet made seem like giant sexist  sorry,-0.1
"My bathtub drain is fired: it haz 1 job 2 do, &amp it iz FAIL. I got all Drano on its ass, &amp iz STILL NOT DRAINING. I wanna shower, dangit!! ",bathtub drain fired  haz 1 job 2  amp iz FAIL  got Drano as  amp iz STILL DRAINING  wanna shower  dangit,-0.5
stuck at home ,stuck home,0.0
@nomadicmatt mine is 1/10  how do you get it up?,mine 1 10 get ,0.0
Duckling in famous children's book stolen from Boston's Public Garden - The Boston Globe http://tinyurl.com/dc2htx via @ShareThis OH NO!! ,Duckling famous child  book stolen Boston  Public Garden Boston Globe via OH,0.25
MORNING!!! Good im bloody knackered!!! Work is not for me today  HELPPP!!!! xxx,MORNING Good im bloody knackered Work today HELPPP xxx,-0.050000000000000044
@jeffreecuntstar  I don't have a garage.  But you can park in my driveway!, garage  park driveway,0.0
@lauredhel  What happened?,happened ,0.0
"&quotOn popular music&quot by T.W.Adorno is probably the most difficult reading ever prescribed, I'm actually struggling to continue ",quotOn popular music quot TW Adorno probably difficult reading ever prescribed   actually struggling continue,0.033333333333333326
@brian_armstrong What a pity YouTube is currently blocked in China.  I can't see the vids. ,armstrong pity YouTube currently blocked China   see vids ,-0.05
@margaretcho what happened to your show it was the hightlight of my life ,happened show hightlight life,0.0
This is the best leather sofa in the world!  It's in the office though which means I'm still here working ,best leather sofa world  office though mean  still working,0.34375
Still 3 more days until my Internet gets uncapped ,Still 3 day Internet get uncapped,0.0
i Love my atekinzz so much. &amp&amp i soo miss her.. ,Love atekinzz much  amp amp soo miss  ,0.35
I wanna sneak into the zoo and play with the kitties ,wanna sneak zoo play kitty,0.0
@lolitariot oh no  hope you're not getting sick too!,oh hope  getting sick,-0.7142857142857143
@alejandralei i dont think i can cause its my cousins birthday party ,dont think cause cousin birthday party,0.0
the angel is going to miss the athlete this weekend ,angel going miss athlete weekend,0.0
trust is hard ,trust hard,-0.2916666666666667
have watched that considering today. yaknow. shawnna tomomorrowi need my bestfriend ,watched considering today  yaknow  shawnna tomomorrowi need bestfriend,0.0
Grr i want to keep reading but if i do i wont have anything left to read ,Grr want keep reading wont anything left read,-0.35
@RumLover No! u supposed to be my date ,u supposed date,0.0
"pears &amp Brie, bottle of Cabernet, and &quotWin a Date With Tad Hamilton&quot... oh gawwd my life flashed forward to when I'm 40 with my 75 cats ",pear amp Brie  bottle Cabernet  quotWin Date Tad Hamilton quot  oh gawwd life flashed forward  40 75 cat,0.0
Crap. I need more dresses too. ,Crap  need dress ,-0.8
@kaeeeep yeah! i know! it was horrible!!!! ugh. saddening. ,yeah know horrible ugh  saddening ,-1.0
@Brodhe geez ur no fun are you ,geez ur fun,0.3
I wanna be in a punk rock band again ,wanna punk rock band,0.0
@jyesmith That's a lot of angst for a Tuesday afternoon , lot angst Tuesday afternoon,0.0
I'm very glad Britney isn't crazy anymore! That was one hell of a show! Now I'm sad that it's over.  Next up...AP at Cook County!, glad Britney  crazy anymore one hell show  sad   Next  AP Cook County,-0.15
has a huuuge headache! omg I feel like crap! ,huuuge headache omg feel like crap,-0.8
@Anistorm Sorry ,Sorry,-0.5
I LOVE @Health4UandPets u guys r the best!! ,LOVE u guy r best,0.75
im meeting up with one of my besties tonight! Cant wait!!  - GIRL TALK!!,im meeting one besties tonight Cant wait GIRL TALK,0.0
@LovesBrooklyn2 he has that effect on everyone ,effect everyone,0.0
@ProductOfFear You can tell him that I just burst out laughing really loud because of that  Thanks for making me come out of my sulk!,tell burst laughing really loud Thanks making come sulk,0.15000000000000002
@r_keith_hill Thans for your response. Ihad already find this answer ,keithhill Thans response  Ihad already find answer,0.0
@e4VoIP I RESPONDED  Stupid cat is helping me type. Forgive errors ,RESPONDED Stupid cat helping type  Forgive error,-0.7999999999999999
crazy day of school. there for 10 hours straiiight. about to watch the hills. @spencerpratt told me too! ha. happy birthday JB! ,crazy day school  10 hour straiiight  watch hill  told ha  happy birthday JB,0.10000000000000003
@naughtyhaughty HOW DID I FORGET ABOUT TWO AND A HALF MEN?!?!? I LOVE THAT SHOW!!! ,FORGET TWO HALF MEN    LOVE SHOW,0.16666666666666669
@LutheranLucciol Make sure you DM me if you post a link to that video! &ltLOL&gtSo I don't miss it   Better get permission and blessing first?,Make sure DM post link video ltLOL gtSo  miss Better get permission blessing first ,0.4166666666666667
Just added tweetie to my new iPhone ,added tweetie new iPhone,0.13636363636363635
@michellardi i really don't know. i think its Globe!  yeah! sana gumaling na ko para alam ko na din kung makakasama ako! ),really  know  think Globe yeah sana gumaling na ko para alam ko na din kung makakasama ako ,0.2
@nicolerichie: your picture is very sweet , picture sweet,0.35
Didn't place in the Peeps contest but thanks for voting anyways. , place Peeps contest thanks voting anyways ,0.2
Going to bed so goodnight everyone  and sweet dreams  http://twitpic.com/2y2e0,Going bed goodnight everyone sweet dream,0.35
@LittleLumen walking over to put the deposit down tomorrow ,walking put deposit tomorrow,0.0
@LordPov Are you meant to add on the back of that &quottwittering from a toilet cubicle somewhere&quot? ,meant add back quottwittering toilet cubicle somewhere quot ,-0.016666666666666666
Aw i'm holding my new puppy. Well He's not mine but He's a cutie. ,Aw  holding new puppy  Well  mine  cutie ,0.13636363636363635
@iJohn kitteh is sleepin on my crotch which proves she likes me more ,kitteh sleepin crotch prof like,0.0
@DramaBeats agreed ,agreed,0.0
reaching amritsar in an hour and (if i find a bus) should be at wagah border by 2pm  - http://bkite.com/06fuJ,reaching amritsar hour  find bus  wagah border 2pm,0.0
@ALBinLA.  I was just thinking about you tonight!  You have to let me be the first to interview you're a famous super star , thinking tonight let first interview  famous super star,0.3611111111111111
happy to spend time with the family. ,happy spend time family ,0.8
finally going to bed!  so tired. Was gonna watch The Hills but didnt =/,finally going bed tired  gonna watch Hills didnt ,-0.2
so effing tired of my throat hurting.... ooooohh... i just got a crazy craving for a pina colada/banana slushie!!!! ,effing tired throat hurting   ooooohh  got crazy craving pina colada banana slushie,-0.5
@deon upload di indowebster dong banggggg ,upload di indowebster dong banggggg,0.0
@wisdomous you're welcome. glad you enjoyed it. , welcome  glad enjoyed ,0.6
@hawaii808shellz hAhAHA!! omG! we wer bOth laughiN off d hOOk!  cuz das hOW we roLLL...ryt sheLdawg?,hAhAHA omG wer laughiN hOOk cuz da roLLL  ryt sheLdawg ,0.2
@SickWithThePen awww pookie feel better. I'll pray for you...and BAG the nurse up ,awww pookie feel better   pray  BAG nurse,0.45
YAY! found a new cuddle buddy ,YAY found new cuddle buddy,0.13636363636363635
I think I met my first &quotsnob&quot on twitter tonight. Too bad. Life goes on! ,think met first quotsnob quot twitter tonight  bad  Life go,-0.22499999999999992
Across the Universe. Sleep. Rehearsal tomorrow. ,Across Universe  Sleep  Rehearsal tomorrow ,0.0
having a long conversation with mom on phone ,long conversation mom phone,-0.05
@suitelifeofkell yayyy! lol. i just requested herrr. what did she say? ,yayyy lol  requested herrr  say ,0.8
Practicing lines/mannerisms/voices for upcoming feature shoot.  Probably driving Brock crazy.  ,Practicing line mannerism voice upcoming feature shoot  Probably driving Brock crazy ,-0.6
Going to go and read new moon for the 3rd time  I cant get enough of twilight series ,Going go read new moon 3rd time cant get enough twilight series,0.04545454545454545
today is our two month anniversary!!! i love you sooooooo much Diana. omg you dont even know  TAR HEELS WON THE NCAA WOOT!!!!!,today two month anniversary love sooooooo much Diana  omg dont even know TAR HEELS NCAA WOOT,0.35
I am bored ,bored,-0.5
@stevecla it is a wallpaper with Red Square I was asking for ,wallpaper Red Square asking,0.0
@r_keith_hill Thanks for your response. Ihad already find this answer ,keithhill Thanks response  Ihad already find answer,0.2
@Pope_Mello Well yeah! I only noticed cuz i'm BB too. ,Mello Well yeah noticed cuz  BB ,0.0
Just tryna get inspired thats all ,tryna get inspired thats,0.0
@KourtneyKardash Can't get up early enough!!!  Night workouts are much better. , get early enough Night workout much better ,0.19999999999999998
"@QuotableBuffy I got a bunch of Buffy songs too! One of my faves is &quotVivian&quot by Nerf Herder, when Faith met Spike in Buffy's body. ",got bunch Buffy song One faves quotVivian quot Nerf Herder  Faith met Spike Buffy  body ,0.0
#Devunity Wallpaper  Check this out !   --&gt    http://twitpic.com/2y2e2,Devunity Wallpaper Check gt,0.0
   uploading pictures on friendster ,uploading picture friendster,0.0
@ash_CT Aw dont you love that  I love for those days! Thanks about the pic #¿NOMBRE?,CT Aw dont love love day Thanks pic NOMBRE ,0.39999999999999997
noodlebox with amanda tonight ,noodlebox amanda tonight,0.0
@fuzeb they are so serious too while singing like.. whoa  hehe lsd maybe? j/k lolol,serious singing like   whoa hehe lsd maybe  j k lolol,0.23333333333333336
loving life... and loving you ,loving life  loving,0.6
@ApothecaryJeri  I love Sicilians best damn pizza on the planet [says I] ,love Sicilians best damn pizza planet  say ,0.75
loves chocolate milk  and that is GF YEAH..,love chocolate milk GF YEAH  ,0.5
Going to Sutter Creek tomorrow to tour an old Mine ,Going Sutter Creek tomorrow tour old Mine,0.1
@paula_paige3489 so apart from the sore... how was the tryouts? ,paige3489 apart sore  tryout ,0.0
failed physics TEST... what a homo. keeen for the holidays (2 days to go) ,failed physic TEST  homo  keeen holiday  2 day go ,-0.5
@leiabox so what can you tell us about it? I'm totally geeking out right now ,tell u   totally geeking right,0.14285714285714285
@Rebecca1158 goodnight. ,goodnight ,0.0
My brother is sick too lol. Quite weird ,brother sick lol  Quite weird,-0.13809523809523808
@drdrew *gives a hug and a cookie* Hope you feel better! ,give hug cookie Hope feel better,0.5
@jonathanRKnight Hey Jon! It's real and I hope you take care of yourself...we don't want you to get too rundown.  ((Hugs)),Hey Jon  real hope take care   want get rundown    Hugs  ,0.2
had a good tech meeting at clubZone - dinner was sushi ,good tech meeting clubZone dinner sushi,0.7
@mattgalloway Thanks for the hook up with @CarlyRush and suggesting me again bro! you rock! ,Thanks hook suggesting bro rock,0.2
@jeffswarens depends on which version they thought you  the one I know doesn't go like that ),depends version thought one know  go like ,0.0
@Speak2Ashley hand is still pretty weak i cant like punch anyone out yet or turn knobs but it doesnt hurt much ,hand still pretty weak cant like punch anyone yet turn knob doesnt hurt much,0.025000000000000005
@Honey3223 Lurkers now that was interesting ,Lurkers interesting,0.5
@saravananp mine is B North. Still need to decide 'aaru hithavaru ninage ee moovaroLage' to vote ,mine B North  Still need decide  aaru hithavaru ninage ee moovaroLage  vote,0.0
@trstfndbby um I bought my shit from the Koreans its OACH  highest quality out there baby  I paid an extra 3.50 2 get a real tag sewed in,um bought shit Koreans OACH highest quality baby paid extra 3  50 2 get real tag sewed,0.0
eating ice-cream with chocolate topping ,eating icecream chocolate topping,0.0
@iamdiddy your telling me.. just finished doing 200 crunches!  step it up Diddy ! LETS GO!,telling   finished 200 crunch step Diddy LETS GO,0.0
@its_yvonne daaang i didn't know it was possible to talk that long! what'd you guys talk about ,yvonne daaang  know possible talk long  guy talk,-0.025
@LaurUy West.  Mostly San Jose and San Francisco.,West  Mostly San Jose San Francisco ,0.5
@marymayblood I would love to come help unpack   Let me know where I need to be Sat afternoon!,would love come help unpack Let know need Sat afternoon,0.5
shenagians!  my team is awesome&lt3,shenagians team awesome lt3,1.0
listening to some music and just chilling....I'll probably regret not getting work done...but till then i'm just gonna kick back ,listening music chilling    probably regret getting work done  till  gonna kick back,-0.25
I am doing a study of Think &amp Grow Rich - Wow - it's amazing how timeless the law of attraction is! So now we're on our 6 step program! ,study Think amp Grow Rich Wow  amazing timeless law attraction  6 step program,0.3583333333333334
@BittenbyBooks Oh good!  I'm glad you're feeling better!   I've been really good!  It'll be a crazy week though... In a good way! ,Oh good  glad  feeling better  really good  crazy week though  good way,0.4166666666666667
21 Days till chris comes home and 67 days till summer ,21 Days till chris come home 67 day till summer,0.0
@therealjspace am I the first one to tell you you tweet the most while drinking! LOL. ,first one tell tweet drinking LOL ,0.525
@its_anne Kay thanks. ,anne Kay thanks ,0.2
Goodnight ,Goodnight,0.0
I am determined to get back into baseball -- it's been 5 years since I've really watched the sport. Anyone interested in going to a game? ,determined get back baseball  5 year since  really watched sport  Anyone interested going game ,0.012499999999999997
@MissNappyBoy and ur home is where? ohhh i nkow lexington ky rite next to me ,ur home  ohhh nkow lexington ky rite next,0.0
Just seen the preview for the movie &quotObsessed&quot w/ Beyonce. Wow one crazy broad in that movie &amp Beyonce seems to go nuts in it too! ,seen preview movie quotObsessed quot w Beyonce  Wow one crazy broad movie amp Beyonce seems go nut,-0.14583333333333334
Easy Rider till I fall asleep ,Easy Rider till fall asleep,0.43333333333333335
@belliestobabies I have two too. I just don't know how people survive winter without jungle gyms at home ,two   know people survive winter without jungle gym home,0.0
@jaredleto Just started to work. But it's the last one before holidayholiday!! ,started work   last one holidayholiday,0.0
Watchin Greek then off to Knighty Knight!! ,Watchin Greek Knighty Knight,0.0
i am working on my media room design and i love love love my client profile ,working medium room design love love love client profile,0.5
@Greeks05 its pretty lame..hahaha but yay i get to stalk your sexy ass on here now ,pretty lame   hahaha yay get stalk sexy as,0.1125
Another good day  nitey nite everyone! First day of school tomorrow!!! Ahh I'm kinda nervous yet excited...til tomorrow!,Another good day nitey nite everyone First day school tomorrow Ahh  kinda nervous yet excited  til tomorrow,0.44166666666666665
thinking and planning ,thinking planning,0.0
@jimmyeatworld been listening to that all morning  http://www.deezer.com/track/885843,listening morning,0.0
@UrbanThai  and you have me to thank for that ,thank,0.0
@LarryCarroll ARE WE GOING TO BE GETTING ANY NM UPDATES THIS TIME AROUND? I'm not really screaming. Just wondering. Thanks! ,GOING GETTING NM UPDATES TIME AROUND   really screaming  wondering  Thanks,0.2
@suitelifeofkell that's freakin' cooool   i love twitter .haha, freakin  cooool love twitter  haha,0.35
@I3renda maybe. there's nothing wrong with being caring. but try not to care too much. ,maybe   nothing wrong caring  try care much ,-0.15
why does Brissa not even know she has a twitter? -Lauren ,Brissa even know twitter  Lauren,0.0
@jbrotherlove I thought it was a great love story ,thought great love story,0.65
@amandahesser thanks!  i couldn't have done it without you  ,thanks  done without,0.2
"wow that was neat, thanks God! OVERITNOW&lt3  i apologize for sharing my spiritual moment with the general public of Twitter ",wow neat  thanks God OVERITNOW lt3 apologize sharing spiritual moment general public Twitter,0.07000000000000002
... 31 days until I leave for Ontario!! , 31 day leave Ontario,0.0
Just spoke with my fam in #Japan via #Skype! Love to see my little 16-mo-old nephew growing! ,spoke fam Japan via Skype Love see little 16moold nephew growing,0.15625
@LissyM ahh i only just saw you'd written that where does it tell you that someones spoken to you? this sucks but mcfly got it haha loser ,ahh saw  written tell someone spoken  suck mcfly got haha loser,0.2
@KaciMaureen holy laundry woman! ,holy laundry woman,0.0
@markhoppus lol youï¿½re so fucking funny ,lol youï ½re fucking funny,0.525
@nikhilnarayanan saw the tvc yesterday.. worked for me ,saw tvc yesterday   worked,0.0
Jon could totally say Mannies and Peddies and I would shut my fat face about it.  ,Jon could totally say Mannies Peddies would shut fat face ,0.0
A friend feels like a beer on a Monday night. That's never good. But beer is always good. Always. ,friend feel like beer Monday night   never good  beer always good  Always ,0.175
"@JohnHays hmm, that I don't agree with entirely because I am most creative &amp vibrant @ night for some reason...but I need 2 sleep too ",hmm   agree entirely creative amp vibrant  night reason  need 2 sleep,0.3333333333333333
@izzakizza nada just tryna holla holla.   hows the mixtape coming up?,nada tryna holla holla  hows mixtape coming ,0.0
@aussie_ali  yep it makes it so much easier to get points across in 140 ,ali yep make much easier get point across 140,0.2
http://twitpic.com/2y2jf - my cupcakes ,cupcake,0.0
@mynameisgerard haha! i'm not saying u should try it.. but maybe u should ,haha  saying u try   maybe u,0.2
@sisterpatterson I just ate raw cookie dough out of a tub and now to bed. We must be kindred spirits ,ate raw cookie dough tub bed  must kindred spirit,-0.23076923076923078
@blooms5887 Just use Tweetdeck and you can update facebook and twitter at the same time ,use Tweetdeck update facebook twitter time,0.0
@nsastrasasmita k. i'll try to figure it out. i'm gonna go to bed. night night  ,k   try figure   gonna go bed  night night,0.0
amazing night with llama and malcolm and megan&lt---fuck the theatre! ,amazing night llama malcolm megan lt fuck theatre,0.10000000000000003
@kayotae Just had a martini myself. ,martini ,0.0
city all day soo happy to be home. school in the morning ,city day soo happy home  school morning,0.8
My spring break= watching moviess all day everyday for a week ,spring break  watching movie day everyday week,-0.2
@PushPlayNICK &quotGrandpa wants an ice chest and some beef.&quot  George Lopez rulesss!,quotGrandpa want ice chest beef  quot George Lopez rule,0.0
@KatiePorrello thank you Katie! heading to the club as we speak! you have yourself a stellar night as well... take it easy homey!! ,thank Katie heading club speak stellar night well  take easy homey,0.3416666666666667
"http://www.youtube.com/watch?v=cLe9pJSRas0 Where have all the flowers gone, Peter Paul &amp Mary  My fav, def.",flower gone  Peter Paul amp Mary fav  def ,0.0
shhhhhhhhhh....time to watch the Hills. ,shhhhhhhhhh   time watch Hills ,0.0
@JonathanRKnight Oh its real Jon!  We all r so excited that u and the guys came back 4 us.  We appreciate all you put out there!  ,Oh real Jon r excited u guy came back 4 u  appreciate put,0.19166666666666665
@LonelyBob Thank you! Am at home pretty much everywhere. Provided I have broadband ...kiddin' ,Thank home pretty much everywhere  Provided broadband  kiddin ,0.225
Callin it a night! I always have the best sleep after a good workout!! ,Callin night always best sleep good workout,0.85
@Infinitarchitek Feels pretty good doesn't it? ,Feels pretty good  ,0.475
@stee322 but you did go to hash bash anyway.. ,go hash bash anyway  ,0.0
@ninasplayground I agree.  My kids got &quotWho am I&quot 4 Christmas. It's bn fun but I caught my 4 yrold cheating by looking at reflection in TV,agree  kid got quotWho quot 4 Christmas   bn fun caught 4 yrold cheating looking reflection TV,0.3
My hair is blue. ,hair blue ,0.0
@wendy_bowser Thank you for the kind words!  I appreciate it.  Have a great night ,bowser Thank kind word appreciate  great night,0.7
stressing over this math test...uhhh....2 days till spring break!!!! ,stressing math test  uhhh   2 day till spring break,0.0
@EMPRESSYEN WHATCHA CHUCKLIN BOUT MS.YEN ,WHATCHA CHUCKLIN BOUT MS  YEN,0.0
@ijustine the gym is an awesome place! work it out ,gym awesome place work,1.0
@augustography hmmm think we need to get you climbing up hills .. you'll be really sining then ,hmmm think need get climbing hill    really sining,0.2
Just won 20$ on unc game ,20 unc game,-0.4
Really tired. Going to prepare for bed. G'night! ,Really tired  Going prepare bed  G  night,-0.4
@keyannaaa the new story of your life will include magic fountain with me ,new story life include magic fountain,0.3181818181818182
should be going to bed... maybe i'll do that... but i'm thinking I'll put on Anastasia on my laptop as i fall asleep ,going bed  maybe    thinking  put Anastasia laptop fall asleep,0.0
@ijustine http://twitpic.com/1ff65 - I love ur top ,love ur top,0.5
"@yoshigi I have terrible back and neck aches too... Get a good chair, that will help.  I am waiting for my &quotSWOPPER&quot to arrive. ",terrible back neck ache  Get good chair  help  waiting quotSWOPPER quot arrive ,-0.10000000000000002
http://twitpic.com/2y2jz - we are so stinkin cute ,stinkin cute,0.5
@Lyndeeezy hahah not yet! but soon. very soon ,hahah yet soon  soon,0.0
@michaelgrainger we have much more than that in common my friend!! ,much common friend,-0.3
@ben_mayer better be. I don't wanna have to come find u and save the dog. But I would!  I'm all 4 the animals . Call off the twit police,mayer better   wanna come find u save dog  would  4 animal  Call twit police,0.5
@Westneyrhindxx hello westney  what are you doing ?? x,hello westney   x,0.0
@WhereisKevinn well my night seems pretty boring in comparison to the strokes you've experienced tonight ,well night seems pretty boring comparison stroke  experienced tonight,0.01666666666666668
@jephjacques I love the way you draw giraffe eyelashes. ,love way draw giraffe eyelash ,0.5
@SwitchItNow ahhh shiner Bock in Austin YES! thanks for the Twitter @reply so I can relive too ,ahhh shiner Bock Austin YES thanks Twitter relive,0.2
@holytshirt Glad to read it! ,Glad read,0.5
spent the evening outside in the beautiful warm weather. finally feels like spring ,spent evening outside beautiful warm weather  finally feel like spring,0.27
pullin an all nighter wit my bffl madison ,pullin nighter wit bffl madison,0.0
@AttractMode Thanks for putting on such a great event. Can't wait for the inevitable sequels! ,Thanks putting great event   wait inevitable sequel,0.3333333333333333
@thenub you are too ,,
@jimmycarr that big oaf can play piano? ,big oaf play piano ,0.0
Bryon is my tea bitch ,Bryon tea bitch,0.0
I am gonna help my mom get a twitter ,gonna help mom get twitter,0.0
@lavsmohan...... Yup!! saw the entire match....reached office late.. ,  Yup saw entire match   reached office late  ,-0.15
"going to bed. My bb isn't working &amp I'm bored.  Night all. Love me harder tomorrow, than you did today. Peace, Prayers, &amp Blessings.",going bed  bb  working amp  bored  Night  Love harder tomorrow  today  Peace  Prayers  amp Blessings ,-0.03333333333333333
@DEEJAY_BOOGIE ya we did trying to beat traffic but ya hope to be back soon ,BOOGIE ya trying beat traffic ya hope back soon,0.0
@ashvala Was driving in Old madras road on my bike!! There is no concept called parking on the side ,driving Old madras road bike concept called parking side,0.1
@upstatement can I apply to be in your class too? ,apply class ,0.0
is reading manga  http://plurk.com/p/mzp1e,reading manga,0.0
@BradmanTV Thanks....it seemed the right moment. I love your show.  Your songs bring me joy.,Thanks   seemed right moment  love show  song bring joy ,0.44642857142857145
@Adri_Mane ROflmao... niqqa please. you ackin' a fool now. ,Mane ROflmao  niqqa please  ackin  fool ,0.0
@comeagainjen http://twitpic.com/2y2lx - http://www.youtube.com/watch?v=zoGfqvh2ME8 ,,
@LindzNicole so let's make it right! ,let  make right,0.2857142857142857
@rhonda_brown thanks for the tip on Sam's Club! ,brown thanks tip Sam  Club,0.2
@KourtneyKardash yep Mornings are the Best! nighttime is chill time ,yep Mornings Best nighttime chill time,1.0
@pocketfulofme yay!!! hehe TWINS ,yay hehe TWINS,0.0
@jolilore Thank you ,Thank,0.0
"&quotCity of Ember&quot was AWESOME!!! SO have to finish the book and read the next one (ones?) now.  Time for bed possibly? Who knows, really. XD",quotCity Ember quot AWESOME finish book read next one  one    Time bed possibly  know  really  XD,0.3
@trugiaz You and i mate! ,mate,0.0
 just watched the movie Wanted... it was pretty darn good.,watched movie Wanted  pretty darn good ,0.475
just got home from Neil's. watched Nick &amp Nora's Playlist... pretty funny  ,got home Neil   watched Nick amp Nora  Playlist  pretty funny,0.25
@donniewahlberg hell yeah! there's the effin man! ,hell yeah  effin man,0.0
@roshnimo Dont be lazy............try a few out.... tools are to make life easy for lazy people ,Dont lazy     try   tool make life easy lazy people,-0.022222222222222216
Thinks everyone needs to go buy Tina Parol's song Who's Got Your Money on iTunes ... NOW! ,Thinks everyone need go buy Tina Parol  song  Got Money iTunes ,0.0
can't wait for vegas , wait vega,0.0
@theDebbyRyan Hey Debby ,Hey Debby,0.0
One sixty six in bowling. Holy shit lol ,One sixty six bowling  Holy shit lol,0.30000000000000004
and now off to bed after an amazing night chatting with a pretty amazing guy  ( you know who you are),bed amazing night chatting pretty amazing guy  know ,0.4833333333333334
"@lhawthorn What a coincidence! I was just stalking your Twitter feed and the GSoC news. ) I'm doing great, thanks. How about you? ",coincidence stalking Twitter feed GSoC news    great  thanks  ,0.5
Trying to figure out a way to pay it forward ,Trying figure way pay forward,0.0
oh oh oh!!! gonna go buy Twilight on DVD today  I have to extend my overdraft for the 2nd time in as many weeks so I may aswell!!,oh oh oh gonna go buy Twilight DVD today extend overdraft 2nd time many week may aswell,0.25
my very first twitter  awww,first twitter awww,0.325
@SimonBotes glad you like ,glad like,0.5
@theaptour thanks so much ,thanks much,0.2
 Please?: http://eluts.com/frontstore/Item/item_zoom.asp?item_num=3418&ampcatalog_num=3&ampmart_id=lutsdoll&amplevel=yes&ampmother_catalog_num=554,Please  ,0.0
@SJS86 haha i saw that one the other day. sad. i'm entirely too addicted to that site now. endless laughs ,haha saw one day  sad   entirely addicted site  endless laugh,-0.10499999999999998
@lolly2420 this is nuts! thanks  I am dying over heah!,nut thanks dying heah,0.2
"@markhoppus hey mark, i want to know if the song &quotLife's So Boring&quot is really blink 182 , please tell me  doubt been on my head for years",hey mark  want know song quotLife  Boring quot really blink 182  please tell doubt head year,-0.4
just got home from school (: meant to be getting my hair cut .. but i cbf. lol dancing soon ,got home school   meant getting hair cut   cbf  lol dancing soon,0.8
Awwh babs... you look so sad underneith that shop entrance of &quotYesterday's Musik&quot  O-: I like the look of the new transformer movie ,Awwh babs  look sad underneith shop entrance quotYesterday  Musik quot  like look new transformer movie,-0.18181818181818182
@lauredhel I just friended you on LJ ,friended LJ,0.0
eating ice cream to reduce the heat ,eating ice cream reduce heat,0.0
wow san diego is so beautiful. even more so now that we won  but whats a good game without a good fight(,wow san diego beautiful  even whats good game without good fight ,0.39
@epistemographer @digitalhumanist Doing a disciplinary PhD with the support/structure of a New Media program like that sounds heavenly ,disciplinary PhD support structure New Media program like sound heavenly,0.2681818181818182
@thornbek Erin Esurance is so hot. Carry on ,Erin Esurance hot  Carry,0.25
@Boobookittifukk not there yet. And i beleive so  red carpet sighting i hope.,yet  beleive red carpet sighting hope ,0.0
the cars in Fast and Furious get me excited ,car Fast Furious get excited,0.2875
@comeagainjen Jennifer ,Jennifer,0.0
@betzitall Wall-E is a great battle for stress.   Yay for staying up all night and doing homework together!,WallE great battle stress  Yay staying night homework together,0.8
@honeytech Happy Morning! ,Happy Morning,0.8
"@SashaKane Um, my kids get up at 5am &amp need their breakfasts cooked, you ready? ",Um  kid get 5am amp need breakfast cooked  ready ,0.2
@saad_83 I wasn't late  I was right on time,83  late right time,-0.007142857142857145
@myk14 Thanks buddy *high fives* hehe ,Thanks buddy high five hehe,0.18
@sytycda Could not agree more!The unison&amp committment was incredible.Considering the pressure they r under made it all the more amazing ,Could agree unison amp committment incredible  Considering pressure r made amazing,0.75
@comeagainjen http://twitpic.com/2y2lx - and you are cooler than her she just wants the babiiesss O_O HAHAHAHA ,cooler want babiiesss OO HAHAHAHA,0.2
@reesh heyyyyyy want to hook it up!! lol ,heyyyyyy want hook lol,0.8
Saddle Ranch Comedy night. Then back to the boy's house ,Saddle Ranch Comedy night  back boy  house,0.0
Today I performed for the first and last time at the Grebel talent show. 4 exams left until undergrad is over ,Today performed first last time Grebel talent show  4 exam left undergrad,0.08333333333333333
@xShorty4Lifex white!! ,white,0.0
@JonathanRKnight  i do embrace the simple life.  simple things like a new kids reunion makes me an extremely happy girl ,embrace simple life  simple thing like new kid reunion make extremely happy girl,0.2340909090909091
had a wonderful Portland evening! Thanks Carrie ,wonderful Portland evening Thanks Carrie,0.6
6:37 in the morning and haven't been sleep   YAY!,6  37 morning  sleep YAY,0.0
Headed off to Wal*Mart for more boxes. Uber excited ,Headed Wal Mart box  Uber excited,0.375
@axisportals scowls are a lot more temporary than adulthood ,scowl lot temporary adulthood,0.0
I'm melting. *sighs* Serendipity is such a sweet sweet movie. I love it. , melting  sigh Serendipity sweet sweet movie  love ,0.39999999999999997
@JonathanRKnight wake up with ah Jon tweet. The Best start for my day  thx Jon love You,wake ah Jon tweet  Best start day thx Jon love,0.75
Got an inspiration -&gt dyeing my hair! ,Got inspiration gt dyeing hair,0.0
just  created this account...looking around ,created account  looking around,0.0
@amyg0716 I'm gunnna do both of those things , gunnna thing,0.0
(@thuquoc) jizzin' in my pants excited about seeing ARMIN VAN BUUREN tomorrow ,  jizzin  pant excited seeing ARMIN VAN BUUREN tomorrow,0.375
@rogieking Congrats on the newborn! Our first is due in June ,Congrats newborn first due June,0.0625
Dodgers beat the Padres  Go Blue!,Dodgers beat Padres Go Blue,0.0
@jbruin lol esp when your updates hit my phone... ,lol esp update hit phone ,0.8
@JonathanRKnight I'm just glad you appreciate Iowa.    Come back in late summer when they're cutting hay...  best..smell.. EVER!, glad appreciate Iowa  Come back late summer  cutting hay  best   smell   EVER,0.12000000000000002
@vuittonretarded  awww. Is there anything i can do ,awww  anything,0.4
But I do not mind.  Goodnight,mind  Goodnight,0.0
@mistressathenax oh lets let it be a surprise. ,oh let let surprise ,0.0
Proud future member of the R.B. ,Proud future member RB,0.4
@miss_tattoo heyy!  you got those pictures of Donnie's gift on the USB stick?! ,tattoo heyy got picture Donnie  gift USB stick ,0.0
Giant Drag &quotWicked Game&quot ? http://twt.fm/32811 #musicmonday - Better than the original &amp the commercial promo song for Nip/Tuck season 5! ,Giant Drag quotWicked Game quot  musicmonday Better original amp commercial promo song Nip Tuck season 5,0.0625
@web20classroom Fabulous post about WordAhead!  And overall loved your blog.,Fabulous post WordAhead overall loved blog ,0.3666666666666667
Much Luv to @espressowoman54 &amp @tommyruffin who's now following me on twitter!! ,Much Luv amp  following twitter,0.1
@KendallMassey @jclayville rocks. But don't tell her I said that ,rock   tell said,0.0
@Tiandrance ,,
@yoavsegal Morning ,Morning,0.0
finally back on twitter ,finally back twitter,0.0
God sho love him some me  feeling really really blessed tonight++++++,God sho love feeling really really blessed tonight,0.35
@adamdexter i can't wait to see you buddy , wait see buddy,0.0
@allan_at_rogue thanks Allan! They are photos from a Joolz Soiree I held up in Brisbane last year ,atrogue thanks Allan photo Joolz Soiree held Brisbane last year,0.1
there is link about how to enjoy dark chocolate within the post..  http://chai-coffee.blogspot.com/2009/04/chocolate-flavoured-math.html,link enjoy dark chocolate within post  ,0.125
ahhh loved this sunny day....I am working a good sun burn on my nose ,ahhh loved sunny day   working good sun burn nose,0.7
@FoamingBBQ I had to read it last semester.  By &quotread&quot I mean skim for keywords and read online outlines.   Got an A too ,read last semester  quotread quot mean skim keywords read online outline  Got,-0.15625
@dalecruse Yay! Love Box.net  My first business partner Sam Ghods is on the founding team. SO proud of him 4 building an excellent utility,Yay Love Box  net first business partner Sam Ghods founding team  proud 4 building excellent utility,0.51
@JonathanRKnight Glad to hear that you had such a great night! You rock &amp I hope tonight is just the 1st of many feel good shows for you! ,Glad hear great night rock amp hope tonight 1st many feel good show,0.625
Anyone else catch Scott Bakula's &quotOh Boy&quot in #Chuck tonight?  ,Anyone else catch Scott Bakula  quotOh Boy quot Chuck tonight ,0.0
@fatbellybella the media is a trip [period] we have to guard our minds...along with our hearts. Don't fret ms.badu UR THE BEST!! its true ,medium trip  period  guard mind  along heart   fret m  badu UR BEST true,0.675
@theDebbyRyan  where!!?!? , ,0.0
@Laatina MONDAYS ARE WHAT YOU MAKE OF IT. ,MONDAYS MAKE ,0.0
Well in the past two days I have had 45 min. of sleep.  I'm going to watch TV while laying in bed and try to sleep.. Night peepers ,Well past two day 45 min  sleep   going watch TV laying bed try sleep   Night peeper,-0.25
I'm officially going to bed! Goodnight , officially going bed Goodnight,0.0
I now have painting clothes!   ,painting clothes,0.0
@msaleem LOL not yet my brutha from anotha mutha ,LOL yet brutha anotha mutha,0.8
ryanrossfanz  &lt-- FOLLOW THEM!  Ryan is uber!,ryanrossfanz lt FOLLOW Ryan uber,0.0
@JonathanRKnight you close your eyes and pick one and hit reply. ,close eye pick one hit reply ,0.0
@ronashively Connections Academy has been great for our family...and thousands more across the country!  Happy to tell you more ,Connections Academy great family  thousand across country Happy tell,0.8
#nightcard The Star: what a wonderful card for a new beginning both for you and Ankie 1.0  Welcome! ,nightcard Star  wonderful card new beginning Ankie 1  0 Welcome,0.6454545454545454
Loves the German bakeries in Sydney. Together with my imported honey it feels like home ,Loves German bakery Sydney  Together imported honey feel like home,0.0
I'm an uncle now! , uncle,0.0
@katiehayes415 Levon...couldn't have said it better my self.  ,Levon   said better self ,0.5
@DolfinFan  Our picnic will be fabulous!,picnic fabulous,0.4
@DaveJMatthews Welcome back to NYC! ,Welcome back NYC,0.4
@nashipear Sorry I am talking to my best friend.. So I havent replied!!  But I can talk to you too!,Sorry talking best friend   havent replied talk,0.25
@corinmcblide oh ok then i am gonna go and buy one for when i come up there ,oh ok gonna go buy one come,0.5
tafe quiz then PHOTOSHOOT with my sezdawg ,tafe quiz PHOTOSHOOT sezdawg,0.0
@berofx: good luck with your challenge , good luck challenge,0.7
oh oh found some clothes!!  And i love em xD,oh oh found clothes love em xD,0.5
Rocking out to No Doubt and gonna start up some more Neverwinter Nights ,Rocking Doubt gonna start Neverwinter Nights,0.0
keepin it real.  ,keepin real ,0.2
&lt#¿NOMBRE?,lt NOMBRE ,0.0
Had a good time at Eat n Park drinking a latte and playing Munchkin Impossible with @Chriswolfe2007. ,good time Eat n Park drinking latte playing Munchkin Impossible ,0.016666666666666663
@momentbymoment1 - I'm sure you and your site will! , sure site,0.5
@JonathanRKnight Good luck with the cruise!! Your gonna need it! ,Good luck cruise gonna need,0.7
@BrittyDS Don't blame me.  I just like good things. ), blame  like good thing  ,0.7
@darkknight808 okay! I think little oven again on wednesday!  7-9pm?,okay think little oven wednesday 79pm ,0.15625
@LoriGama that's most excellent  lotsa people loving you hehe *Winks*, excellent lotsa people loving hehe Winks,0.8
is now using windows and tweetdeck... temporarily... ,using window tweetdeck  temporarily ,0.0
I Joined ShoeDazzle Society by @KimKardashian I am Excited! Can't wait for my Shoe selection!  Link: http://www.shoedazzle.com/,Joined ShoeDazzle Society Excited  wait Shoe selection Link ,0.375
"@robgokeemusic I know - I should have made some, taken them to my meetings &amp I should have foreseen my sister was going 2 pick up a stray ",know made  taken meeting amp foreseen sister going 2 pick stray,0.0
@JonathanRKnight you can DIRECT MESSAGE us/me/all of us...whatever you want ,DIRECT MESSAGE u u  whatever want,0.1
@mars2thestars here it is  http://tinyurl.com/hecklerxyz,,
Week 2 of the fitness challenge and I'm starting off strong.  Just submitted my stats for the night and it ain't bad ,Week 2 fitness challenge  starting strong  submitted stats night  bad,-0.08888888888888885
Your Following for a Reason.....  www.facesbyrozzj.com,Following Reason    www  facesbyrozzj  com,0.0
"@mileycyrus Juz watchin' 3 eps. of your show HM, I must say I instantly became a fan of urs! D Lovin' ur humor so mucho! More power 2 u! ",Juz watchin  3 eps  show HM  must say instantly became fan ur Lovin  ur humor mucho power 2 u,0.0
I have a new background  It didn't exactly work how I wanted but I was bored with the old one.,new background  exactly work wanted bored old one ,-0.0034090909090909102
If you are at #Paragon please vote my work!  LOL,Paragon please vote work LOL,0.8
@mrskutcher I keep forgetting you are in a different time zone than normal! I see your 'tweets' about the morning when it's 10:45pm here! ,keep forgetting different time zone normal see  tweet  morning  10  45pm,0.075
@mantia Do you have an example of the animation? I mean a youtube video or something? I'm curious to see it work. Snowing there too? ,example animation  mean youtube video something   curious see work  Snowing ,-0.20625
@TheRudeTypist Need an invite to hunch? ,Need invite hunch ,0.0
@JonathanRKnight Thought you were a Mac ,Thought Mac,0.0
@JonathanRKnight Maybe Jordan could help you answer a few? Just an idea.. ,Maybe Jordan could help answer  idea  ,0.0
"Finally made my map of Panama. &quotWhat's a Panama, is that like an animal?&quot Haha love my friends ",Finally made map Panama  quotWhat  Panama  like animal  quot Haha love friend,0.2333333333333333
@ManyaS ,,
@ddlovato I will gladly give you the squirrel in Jenny's house if you join us. A SQUIRREL. It'll kill two birds with one stone! ,gladly give squirrel Jenny  house join u  SQUIRREL   kill two bird one stone,0.5
Got the vocals done! now time for the best part: the music track or bed! whichever you wanna call it lol ,Got vocal done time best part  music track bed whichever wanna call lol,0.9
@dfizzy Hey There ! How are you today? ,Hey today ,0.0
@chocolate_dip lol i wasnt complaining just making sure @yoeyfreshier wasnt getting off before me but @tivon cleared that up ,dip lol wasnt complaining making sure wasnt getting cleared,0.65
@mademoiselledee That is one freaky movie. I like &quotI got life&quot ,one freaky movie  like quotI got life quot,0.0
Megan is hanging out ,Megan hanging,0.0
Going to bed and then up early to prep for an interview in Cleveland tomorrow ,Going bed early prep interview Cleveland tomorrow,0.1
A healthy remedy for you AND your dog  http://PetParenthood.blogspot.com #dogs,healthy remedy dog dog,0.5
That was sick. Soma rocks. ,sick  Soma rock ,-0.7142857142857143
@staceysoleil  yep..lol  I was bored... Edward is hunting with the guys..,yep   lol bored  Edward hunting guy  ,0.15000000000000002
@victoriaerin HEYYYYYYYYYYY YOU ,HEYYYYYYYYYYY,0.0
"Studying philosophy and math... &lt----BLAH aka listening to music and on twitter, facebook, and myspace ",Studying philosophy math  lt BLAH aka listening music twitter  facebook  myspace,0.0
@JonathanRKnight There is no way on earth that you can answer everyone  Will you ask Donnie if he got the gift from my 9 yr old lastnight?,way earth answer everyone ask Donnie got gift 9 yr old lastnight ,0.1
on my psp browser for the first time in over a year ,psp browser first time year,0.25
@aparajuli good luck to you ,good luck,0.7
Is glad the Angels won their first game of the season. ,glad Angels first game season ,0.11666666666666665
@misstoriblack I have absolutely no doubt that I will!  here's to your continued success ,absolutely doubt  continued success,0.25
Another day in the office... 2 days to go.  http://twitpic.com/2y2y1,Another day office  2 day go ,0.0
@mattimassacre nice  yeah so wish I could afford those things,nice yeah wish could afford thing,0.6
@loic I want to see that too! But it'll take so long to get 800 friends.. ,want see  take long get 800 friend  ,-0.05
Uploading the greatest cartoon from the Newspaper ever - regarding Twitter. ,Uploading greatest cartoon Newspaper ever regarding Twitter ,1.0
Studying with friends!  that's my update,Studying friend  update,0.0
@piercethevic im glad everythings going good for you guys ,im glad everythings going good guy,0.6
@eddieizzard You wouldn't happen to still be in NYC doing gigs on Friday or Saturday next week? , happen still NYC gig Friday Saturday next week ,0.0
ty  @GR8FL - soon I upload too  Emmylou Harris ï¿½ I'll Be Your Baby Tonight (GR8FL)  ? http://blip.fm/~3x8zc,ty soon upload Emmylou Harris ï ½  Baby Tonight  GR8FL  ,0.0
cheeck thiss hand cuz im marvelous ) boy.. idk hoow im gona make it threw this weeeek ,cheeck thiss hand cuz im marvelous  boy   idk hoow im gona make threw weeeek,1.0
Watching Seven Pounds with my mom. I hope i dont fall asleep. AfterMidnightProject TOMORROW! ,Watching Seven Pounds mom  hope dont fall asleep  AfterMidnightProject TOMORROW,0.0
@nerdist  That photo IS Vegas ,photo Vegas,0.0
@elissakim  yeah!  opening day too!,yeah opening day,0.0
@iamdiddy I feel you I hate working out too! But our results will be MAJOR! When you look good you feel good! ,feel hate working result MAJOR look good feel good,0.16562499999999997
@fmsQuatro the A's are my AL team , AL team,0.0
had a really good day    off to do some shoppping,really good day shoppping,0.7
@kamy775 ok..I did it...hope it works now ,ok    hope work,0.5
@amp451 good night  sweet dreamz,good night sweet dreamz,0.5249999999999999
@i140 I hope that Scentsational doesn't get dissed ,hope Scentsational  get dissed,0.0
will invite people to twitter. ,invite people twitter ,0.0
@bluestreak23 @jasonandjodie Coming soon enough my friends - Big project in works for just that - Good new and only good news ,Coming soon enough friend Big project work Good new good news,0.30727272727272725
@cookrn woohoo!  yeah that day i was rockin it hard core  ,woohoo yeah day rockin hard core,-0.2916666666666667
@imalcolmjames no internship yet but ive got a place to stay. w/ any luck i'll spend some time in teaneck before heading back to utah ,internship yet ive got place stay  w luck  spend time teaneck heading back utah,0.0
@larryczerwonka Exactly!! ,Exactly,0.25
i wonder how long i can stay up until i pass out and wake up again at 6 ,wonder long stay pas wake 6,-0.05
@DonnieWahlberg Great words of wisdom D-Dub!! Now can you tell the doctor to let me have some alcohol &amp caffeine!! ,Great word wisdom DDub tell doctor let alcohol amp caffeine,0.8
@Jonathanrknight so good knight and sleep well.  I know I will now!! ,good knight sleep well  know,0.7
exhausted! but glad i got to see UNC become national champs!  ,exhausted glad got see UNC become national champ,0.04999999999999999
Centrelink wasnt as bad as I thought it was going to be !!!! ,Centrelink wasnt bad thought going,-0.6999999999999998
@davesjessica wouldn't want you any other way! , want way,0.0
Is hella excited cuz the Italian is here ,hella excited cuz Italian,0.1875
Jasmine and Bohdi are here for the holidays!! ,Jasmine Bohdi holiday,0.0
@pfspleen I'm good! Had some very strange dreams last night but hey dreamin' means i'm sleepin'  How's you this morning?, good strange dream last night hey dreamin  mean  sleepin   morning ,0.08437499999999998
going outside to jump on my trampoine  WOOOT!,going outside jump trampoine WOOOT,0.0
@SophieVeronica today was rad. we made it into the finals for cross country YAY. love you sophie &lt3 (L) ps everythins cool with my mates ,today rad  made final cross country YAY  love sophie lt3  L  p everythins cool mate,0.2125
@Suai Oh &quotShooter&quot is a good movie!  Only seen it once tho.  Gotta put that back on my &quotto watch&quot list! ,Oh quotShooter quot good movie seen tho  Gotta put back quotto watch quot list,0.35
@DonnieWahlberg I can tell u have spoken. FB &amp Twitter are on Fire right now!!  Hope ur feelin better love.  have a great night...,tell u spoken  FB amp Twitter Fire right Hope ur feelin better love  great night ,0.5214285714285714
@TheAshBall ,,
nodame cantabile is &lt3. I think I'm falling in love with classical music. ,nodame cantabile lt3  think  falling love classical music ,0.25
@markegli &amp @kariegli the dinner menu this week is something pasta-y (we have cheese?) and also chicken noodle soup. ,amp dinner menu week something pastay  cheese   also chicken noodle soup ,-0.6
on facebook ,facebook,0.0
@Croconaw goodnight ,goodnight,0.0
just got back from starbucks.. tried the tea with lemonade very good  miss gg already. 1st one!,got back starbucks   tried tea lemonade good miss gg already  1st one,0.35
BOOM BOOM POW-oops ,BOOM BOOM POWoops,0.0
The Super Red Diva !!!  Stupid University ,Super Red Diva Stupid University,-0.15555555555555553
This latest episode of NewNowNext is like full of awesome! ,latest episode NewNowNext like full awesome,0.6166666666666667
@ PBnJen : Thanks for the great tour and making me even more excited to work in PR!  You Rock and so does S&ampB-would love to work there!, PBnJen  Thanks great tour making even excited work PR Rock ampBwould love work,0.46875
@DonnieWahlberg YOU give me joy....and you have for years. You are such an amazing man and we are all lucky to know you. ,give joy   year  amazing man lucky know ,0.5777777777777778
Artistic affirmation from a drunk lady was kinda just what I needed! ,Artistic affirmation drunk lady kinda needed,-0.08333333333333334
@Honey3223  Honey goodnight I am up really early in the morning busy day will catch up with you later tomorrow ,Honey goodnight really early morning busy day catch later tomorrow,0.06666666666666667
Lamb Chowmein for dinner tonight.... hhhmmm with slightly roasted buttered dinner rolls! YUM YUM YUM... so hungry ,Lamb Chowmein dinner tonight   hhhmmm slightly roasted buttered dinner roll YUM YUM YUM  hungry,-0.16666666666666666
tweeting from my brand new Sony PSP... just because I CAN!!  ,tweeting brand new Sony PSP ,0.13636363636363635
@MussoMitchel Hey you should go on tour sometime with your brother! Metro Station is freakin awesome! ,Hey go tour sometime brother Metro Station freakin awesome,1.0
@juliaroy I've just seen your Flickr and I've fallen in love!!! Just Wonderful!!! Awesome... !!! , seen Flickr  fallen love Wonderful Awesome ,0.8333333333333334
@danielc Sorry it wasn't Wrath of Khan.  But we made do. ,Sorry  Wrath Khan  made ,-0.5
"juggernaut, dr. doom, magneto, &amp xavier!  ahahah today was a good day n__n",juggernaut  dr  doom  magneto  amp xavier ahahah today good day nn,0.7
@ricardooooo we'll have a geek off next time you are in Tahoe!! But you need to get miss vicky jay reciting star wars by then , geek next time Tahoe need get miss vicky jay reciting star war,0.0
 aww dont make me blush!,aww dont make blush,0.3
trying to figure this thing out ,trying figure thing,0.0
watching &quotThe Princess Bride&quot I want a Wesley!!! ,watching quotThe Princess Bride quot want Wesley,0.0
@lisaholmes you can buy my fiances duplex in Terwillegar ,buy fiance duplex Terwillegar,0.0
@apleaforaaron i could really eat some cheese  i have a hankering for some austrian smoked cheese. YUM!,could really eat cheese hankering austrian smoked cheese  YUM,0.2
@ddlovato I am so FUCKING jealous of you girl. Have fun though  xxx,FUCKING jealous girl  fun though xxx,-0.15
@ThaStevieG my bunnys name was Lucy  you can go ahead and guess who she was named after lmao,bunny name Lucy go ahead guess named lmao,0.6
@pixelpipe any updates for iPhone OS 3.0 yet? I miss you guys ,update iPhone OS 3  0 yet  miss guy,0.0
