text,tweets_transform,etiqueta
is upset that he can't update his Facebook by texting it... and might cry as a result  School today also. Blah!,upset  update Facebook texting  might cry result School today also  Blah,Neutro
@Kenichan I dived many times for the ball. Managed to save 50%  The rest go out of bounds,dived many times ball  Managed save 50 rest go bounds,Contento
my whole body feels itchy and like its on fire ,whole body feels itchy like fire,Contento
@Kwesidei not the whole crew ,whole crew,Contento
Need a hug ,Need hug,Neutro
@Tatiana_K nope they didn't have it ,K nope ,Neutro
@twittera que me muera ? ,que muera ,Neutro
spring break in plain city... it's snowing ,spring break plain city   snowing,Molesto
I just re-pierced my ears ,repierced ears,Neutro
@caregiving I couldn't bear to watch it.  And I thought the UA loss was embarrassing . . . . ., bear watch  thought UA loss embarrassing     ,Neutro
@iamjazzyfizzle I wish I got to watch it with you!! I miss you and @iamlilnicki  how was the premiere?!,wish got watch miss premiere ,Neutro
Hollis' death scene will hurt me severely to watch on film  wry is directors cut not out now?,Hollis  death scene hurt severely watch film wry directors cut ,Neutro
about to file taxes ,file taxes,Neutro
@LettyA ahh ive always wanted to see rent  love the soundtrack!!,ahh ive always wanted see rent love soundtrack,Contento
@FakerPattyPattz Oh dear. Were you drinking out of the forgotten table drinks? ,Oh dear  drinking forgotten table drinks ,Neutro
@alydesigns i was out most of the day so didn't get much done ,day  get much done,Contento
@angry_barista I baked you a cake but I ated it ,barista baked cake ated,Neutro
this week is not going as i had hoped ,week going hoped,Neutro
blagh class at 8 tomorrow ,blagh class 8 tomorrow,Neutro
I hate when I have to call and wake people up ,hate call wake people,Hater
Just going to cry myself to sleep after watching Marley and Me.  ,going cry sleep watching Marley ,Neutro
im sad now  Miss.Lilly,im sad Miss  Lilly,Molesto
ooooh.... LOL  that leslie.... and ok I won't do it again so leslie won't  get mad again ,ooooh   LOL leslie   ok  leslie  get mad,Contento
Meh... Almost Lover is the exception... this track gets me depressed every time. ,Meh  Almost Lover exception  track gets depressed every time ,Neutro
some1 hacked my account on aim  now i have to make a new one,some1 hacked account aim make new one,Neutro
@alielayus I want to go to promote GEAR AND GROOVE but unfornately no ride there  I may b going to the one in Anaheim in May though,want go promote GEAR GROOVE unfornately ride may b going one Anaheim May though,Neutro
thought sleeping in was an option tomorrow but realizing that it now is not. evaluations in the morning and work in the afternoon! ,thought sleeping option tomorrow realizing  evaluations morning work afternoon,Neutro
@julieebaby awe i love you too!!!! 1 am here  i miss you,awe love 1 miss,Contento
@HumpNinja I cry my asian eyes to sleep at night ,cry asian eyes sleep night,Neutro
ok I'm sick and spent an hour sitting in the shower cause I was too sick to stand and held back the puke like a champ. BED now ,ok  sick spent hour sitting shower cause sick stand held back puke like champ  BED,Molesto
@cocomix04 ill tell ya the story later  not a good day and ill be workin for like three more hours...,ill tell ya story later good day ill workin like three hours ,Neutro
@MissXu sorry! bed time came here (GMT+1)   http://is.gd/fNge,sorry bed time came  GMT 1 ,Molesto
@fleurylis I don't either. Its depressing. I don't think I even want to know about the kids in suitcases. , either  depressing   think even want know kids suitcases ,Molesto
Bed. Class 8-12. Work 12-3. Gym 3-5 or 6. Then class 6-10. Another day that's gonna fly by. I miss my girlfriend ,Bed  Class 812  Work 123  Gym 35 6  class 610  Another day  gonna fly  miss girlfriend,Muy Feliz
really don't feel like getting up today... but got to study to for tomorrows practical exam... ,really  feel like getting today  got study tomorrows practical exam ,Contento
He's the reason for the teardrops on my guitar the only one who has enough of me to break my heart , reason teardrops guitar one enough break heart,Neutro
@JonathanRKnight Awww I soo wish I was there to see you finally comfortable! Im sad that I missed it ,Awww soo wish see finally comfortable Im sad missed,Neutro
Falling asleep. Just heard about that Tracy girl's body being found. How sad  My heart breaks for that family.,Falling asleep  heard Tracy girl  body found  sad heart breaks family ,Molesto
@Viennah Yay! I'm happy for you with your job! But that also means less time for me and you... ,Yay  happy job also means less time ,Contento
Oh man...was ironing @jeancjumbe's fave top to wear to a meeting. Burnt it ,Oh man  ironing  fave top wear meeting  Burnt,Contento
is strangely sad about LiLo and SamRo breaking up. ,strangely sad LiLo SamRo breaking ,Molesto
@tea oh! i'm so sorry  i didn't think about that before retweeting.,oh  sorry  think retweeting ,Molesto
Broadband plan 'a massive broken promise' http://tinyurl.com/dcuc33 via www.diigo.com/~tautao Still waiting for broadband we are ,Broadband plan  massive broken promise  via www  diigo  com tautao Still waiting broadband,Neutro
our duck and chicken are taking wayyy too long to hatch ,duck chicken taking wayyy long hatch,Molesto
I need a hug ,need hug,Neutro
@oanhLove I hate when that happens... ,hate happens ,Hater
Ugh....92 degrees tomorrow ,Ugh   92 degrees tomorrow,Neutro
Where did u move to?  I thought u were already in sd. ?? Hmmm. Random u found me. Glad to hear yer doing well.,u move  thought u already sd    Hmmm  Random u found  Glad hear yer well ,Neutro
just leaving the parking lot of work! ,leaving parking lot work,Neutro
The Life is cool. But not for Me. ,Life cool  ,Contento
I had such a nice day. Too bad the rain comes in tomorrow at 5am ,nice day  bad rain comes tomorrow 5am,Neutro
@Starrbby too bad I won't be around I lost my job and can't even pay my phone bill lmao aw shucks ,bad  around lost job  even pay phone bill lmao aw shucks,Neutro
Damm back to school tomorrow ,Damm back school tomorrow,Neutro
@katortiz  Not forever... See you soon!,forever  See soon,Neutro
@jdarter Oh! Haha... dude I dont really look at em unless someone says HEY I ADDED YOU. Sorry  I'm so terrible at that. I need a pop up!,Oh Haha  dude dont really look em unless someone says HEY ADDED  Sorry  terrible  need pop,Molesto
@ninjen I'm sure you're right...    I need to start working out with you and the Nikster... Or Jared at least!, sure  right  need start working Nikster  Jared least,Neutro
i really hate how people diss my bands!  Trace is clearly NOT ugly!,really hate people diss bands Trace clearly ugly,Hater
Why won't you show my location?!   http://twitpic.com/2y2es, show location ,Neutro
No picnic  my phone smells like citrus.,picnic phone smells like citrus ,Neutro
No new csi tonight.  FML,new csi tonight  FML,Neutro
i think my arms are sore from tennis ,think arms sore tennis,Neutro
wonders why someone that u like so much can make you so unhappy in a split seccond . depressed . ,wonders someone u like much make unhappy split seccond  depressed ,Neutro
sleep soon... i just hate saying bye and see you tomorrow for the night. ,sleep soon  hate saying bye see tomorrow night ,Hater
missin' the boo ,missin  boo,Neutro
@markhardy1974 Me too  #itm,itm,Neutro
Damn... I don't have any chalk! MY CHALKBOARD IS USELESS ,Damn   chalk CHALKBOARD USELESS,Molesto
@msdrama hey missed ya at the meeting  sup mama,hey missed ya meeting sup mama,Neutro
why is it always the fat ones?! ,always fat ones ,Neutro
@Hollywoodheat I should have paid more attention when we covered photoshop in my webpage design class in undergrad ,paid attention covered photoshop webpage design class undergrad,Neutro
wednesday my b-day! don't know what 2 do!! ,wednesday bday  know 2,Neutro
Poor cameron (the hills) ,Poor cameron  hills ,Molesto
Strider is a sick little puppy  http://apps.facebook.com/dogbook/profile/view/5248435,Strider sick little puppy,Molesto
A bad nite for the favorite teams: Astros and Spartans lose.  The nite out with T.W. was good.,bad nite favorite teams  Astros Spartans lose  nite TW good ,Neutro
 Body Of Missing Northern Calif. Girl Found: Police have found the remains of a missing Northern California girl .. http://tr.im/imji,Body Missing Northern Calif  Girl Found  Police found remains missing Northern California girl  ,Neutro
Behind on my classes for work ,Behind classes work,Molesto
watching &quotHouse&quot ,watching quotHouse quot,Neutro
@kpreyes Remember my bum leg? Strikes back this time its serious ,Remember bum leg  Strikes back time serious,Neutro
Emily will be glad when Mommy is done training at her new job. She misses her.  http://apps.facebook.com/dogbook/profile/view/6176014,Emily glad Mommy done training new job  misses ,Contento
would rather the first party send bad messages than the 3rd party send mixed ones  Sophmore year all over again?,would rather first party send bad messages 3rd party send mixed ones Sophmore year ,Neutro
@Henkuyinepu it's overrated , overrated,Neutro
@marykatherine_q i know! I heard it this afternoon and wondered the same thing. Moscow is so behind the times ,q know heard afternoon wondered thing  Moscow behind times,Molesto
laying in bed with no voice.. ,laying bed voice  ,Neutro
I'm sooo sad!!! they killed off Kutner on House  whyyyyyyyy, sooo sad killed Kutner House whyyyyyyyy,Molesto
@jacobsummers Sorry  tell them mea culpa from me and that I really am sorry.,Sorry tell mea culpa really sorry ,Molesto
@salancaster  hope your ok.,hope ok ,Contento
@mercedesashley Damn! The grind is inspirational and saddening at the same time.  Don't want you to stop cuz I like what u do! Much love,Damn grind inspirational saddening time   want stop cuz like u Much love,Contento
@HibaNick yeah aw but i know i wudnt stand a chance ,yeah aw know wudnt stand chance,Neutro
ugh. cant sleep. its 1:30am. ,ugh  cant sleep  1  30am ,Neutro
Hanging in Crooners. Wanna sing. Can't. Sucks. ,Hanging Crooners  Wanna sing    Sucks ,Molesto
@eRRe_sC aaw i miss ya all too.. im leaving to BH tomorrow &quotmorning&quot i think.. aww i wanna go to the beach w u girls!! ,sC aaw miss ya   im leaving BH tomorrow quotmorning quot think   aww wanna go beach w u girls,Contento
Is pissed off that there's no ASBA's for a radio station. ,pissed  ASBA  radio station ,Neutro
wednesday my b-day n don't know what 2 do!  ,wednesday bday n  know 2,Neutro
I know my life has been flipped upside down when I just thought in my head that some Ramen sounds good. ,know life flipped upside thought head Ramen sounds good ,Muy Feliz
I am in pain. My back and sides hurt. Not to mention crying is made of fail. ,pain  back sides hurt  mention crying made fail ,Molesto
"Late night snack, glass of OJ b/c I'm &quotdown with the sickness&quot, then back to sleep...ugh I hate getting sick... ",Late night snack  glass OJ b c  quotdown sickness quot  back sleep  ugh hate getting sick ,Molesto
@allyheman but.. but.. but.. I'm not a big fan on camilla belle ,       big fan camilla belle,Neutro
This week just seems to get longer and longer in terms of how much I need to do.. and how much I'm actually going to get done ,week seems get longer longer terms much need   much  actually going get done,Neutro
I'm so cold , cold,Molesto
@thecoolestout Ehhh don't. Weather's gonna take a turn for the ugly tomorrow ,Ehhh   Weather  gonna take turn ugly tomorrow,Hater
@chelserlynn haha its so cooooold in the d! and no  but you should still go to the show. they do some incredible stuff,haha cooooold still go show  incredible stuff,Contento
Hoping the tummy rumbles go away soon ,Hoping tummy rumbles go away soon,Neutro
almost bedtime ,almost bedtime,Neutro
I'm missing you babe..  but as long as your alive I'm happy.. Yawwwnn.. I'm tired my love imma try to sleep hopefully you had a headstart, missing babe   long alive  happy   Yawwwnn    tired love imma try sleep hopefully headstart,Neutro
Agh...snow!!! ,Agh  snow,Neutro
i miss kenny powers ,miss kenny powers,Neutro
@JonathanRKnight I guess that's a no then. ,guess  ,Neutro
sadly is going to bed. ,sadly going bed ,Molesto
@ozesteph1992 Shame to hear this Stephan ,Shame hear Stephan,Neutro
@mrsaintnick hey! i'm leavin in the morning... ,hey  leavin morning ,Neutro
laid around too much today... now my head hurts ,laid around much today  head hurts,Contento
@twista202 I still haven't read the 9th&amp10th Princess diaries  Saving Francesca made me cry at the end. Hmm those are easy books.,still  read 9th amp10th Princess diaries Saving Francesca made cry end  Hmm easy books ,Contento
my nokia 1110 died..  ,nokia 1110 died  ,Neutro
My mom might have breast cancer won't find out anything for. Like a week I'm so worried! ,mom might breast cancer  find anything  Like week  worried,Neutro
Going to sleep. Hoping tomorrow is a better day. ,Going sleep  Hoping tomorrow better day ,Contento
@rumblepurr lol.. wish they understood daylight savings has ended though and breakfast is an hour later  They keep waking the kids up too,lol   wish understood daylight savings ended though breakfast hour later keep waking kids,Contento
@onemoreproject that is lame ,lame,Molesto
I don't understand... I really don't , understand  really ,Contento
HEROES just isn't doing it for me this season... ,HEROES  season ,Neutro
Living not downtown sure isn't much fun.  ,Living downtown sure  much fun ,Contento
@jonathanchard Not calorie wise   I wish junk food was calorie free! I ate a thing of sour skittles and a big ass cherry coke!,calorie wise wish junk food calorie free ate thing sour skittles big ass cherry coke,Contento
Man Work is Hard ,Man Work Hard,Molesto
Getting eyebrows waxed. More pain ,Getting eyebrows waxed  pain,Neutro
No phantasy star yesterday  going to work...,phantasy star yesterday going work ,Neutro
Oh - Just got all my MacHeist 3.0 apps - sweet. Didn't get the Espresso serial no though although they said they sent it - oh well ,Oh got MacHeist 3  0 apps sweet   get Espresso serial though although said sent oh well,Contento
Picked Mich St to win it all from the get go.  Was feeling pretty good about that pick all the way up until......tonight.  A's lost too ,Picked Mich St win get go  feeling pretty good pick way   tonight   lost,Contento
is alone downstairs...working ,alone downstairs  working,Neutro
I feel bad for doing it ,feel bad,Hater
@pinkserendipity yes sprint has 4g only in baltimore and chicago so far ,yes sprint 4g baltimore chicago far,Neutro
I'm stuck awake in the middle of the night for the second day in a row. And I felt terrible yesterday. , stuck awake middle night second day row  felt terrible yesterday ,Molesto
Thanks for bursting my bubble ,Thanks bursting bubble,Contento
Going to school soon... can't find anything to wear!! gosh it's so hard ,Going school soon   find anything wear gosh  hard,Molesto
@marieclr I was serious  LOL,serious LOL,Contento
@naughtyhaughty I had on my page for sooooo long!!! Until it got deleted  Sad day in history,page sooooo long got deleted Sad day history,Molesto
Crazy wind today = no birding  http://ff.im/1XTTi,Crazy wind today  birding,Molesto
currently at work.. ,currently work  ,Neutro
Grrr.. my ipods acting weird too! Jai ho and thinking of you aren't playing the full songs.. ughh. ,Grrr   ipods acting weird Jai ho thinking  playing full songs   ughh ,Molesto
@penndbad send me the DVD cos I have missed out on heaps  NOT happy about that!,send DVD cos missed heaps happy,Muy Feliz
i don't see the big deal with this website , see big deal website,Neutro
@machineplay I'm so sorry you're having to go through this. Again.  #therapyfail, sorry  go   therapyfail,Molesto
@ColinDeMar Far too out of the way for rail.  any other tips?,Far way rail  tips ,Neutro
I'm not still up I swear. Why do I keep losing. gaining. losing. gaining. tweeps?  So heart wrenching., still swear  keep losing  gaining  losing  gaining  tweeps  heart wrenching ,Neutro
@dannyvegasbaby danny im upset that i wasnt here to watch the live chat  i was in a car. for 3 hours on a trip im soooo upset!!,danny im upset wasnt watch live chat car  3 hours trip im soooo upset,Neutro
Check out my mug  http://www.erika-obscura.blogspot.com,Check mug,Neutro
Borders closed at 10 ,Borders closed 10,Neutro
Downloading NIN's new album &quotthe slip&quot - when the hell did this come out? I'm so behind the times these days ,Downloading NIN  new album quotthe slip quot hell come   behind times days,Neutro
Just woke up an already have written some e-mail... I've to go early at University today as I have to teach at 8:30 AM! ,woke already written email   go early University today teach 8  30,Neutro
is watching the hill . . .and its making me sad ,watching hill    making sad,Molesto
So many channels.... yet so so boring... lazy day again  may have to find a hobby,many channels   yet boring  lazy day may find hobby,Molesto
@supersport I miss my buddy  ill be in NY on the 25th,miss buddy ill NY 25th,Molesto
@robluketic  love the french. I tell people here in the south i'm qtr. french and they snarl at me.  french are beautiful people,love french  tell people south  qtr  french snarl  french beautiful people,Contento
Opps.. As I said.. I still got one day remain and now problem come ,Opps   said   still got one day remain problem come,Neutro
@HillyDoP  oH NO,oH,Neutro
spencer is not a good guy. ,spencer good guy ,Muy Feliz
didn't get shit done today ~ i'm so screwed , get shit done today  screwed,Neutro
wanttss to go out ,wanttss go,Neutro
Is not going to sleep tonite. ,going sleep tonite ,Neutro
too worried and tired to post tonight ,worried tired post tonight,Molesto
couldn't get shit done today ~ i'm so screwed , get shit done today  screwed,Neutro
@DjAlizay I really don't think people choose to be that way. But I think he chose not to accept my family's help   He might be dead by now,really  think people choose way  think chose accept family  help might dead,Neutro
@cheechbud i think ur right!! hahaha!! 4.5 hrs now!! ,think ur right hahaha 4  5 hrs,Contento
i hate to see the spartans so sad ,hate see spartans sad,Hater
My mind and body are severely protesting this &quotgetting up&quot  thing. Had nightmares to boot ,mind body severely protesting quotgetting quot thing  nightmares boot,Neutro
@mandayyy ,,etiqueta
@twista202 I think I want to read some books but the library doesn't have them ,think want read books library ,Neutro
My nap was interrupted so many times today  Going out for Japanese with the 'rents again...,nap interrupted many times today Going Japanese  rents ,Contento
Kind of longs for the bus that shows up at the end of Ghost World right now. Ugh. ,Kind longs bus shows end Ghost World right  Ugh ,Contento
@GuruMN but this is canada  canada is weird. we're supposed to get snow through wednesday. ugh.,canada canada weird   supposed get snow wednesday  ugh ,Molesto
Awwh babs... you look so sad underneith that shop entrance of &quotYesterday's Musik&quot  O-: I like the look of the new transformer movie ,Awwh babs  look sad underneith shop entrance quotYesterday  Musik quot  like look new transformer movie,Neutro
sad that the 'feet' of my macbook just fell off ,sad  feet  macbook fell,Molesto
I'm gonna get up late tomorrow and it's 132am here. I gonna get tipsy by my lonesome. That's...that's just sad , gonna get late tomorrow  132am  gonna get tipsy lonesome     sad,Molesto
@infinitydefines  omgawd i couldnt handle my cat being in heat all the time D: D:,omgawd couldnt handle cat heat time  ,Neutro
@DonnieWahlberg I hope i can make it to the auburn show. but its not looking good for me ,hope make auburn show  looking good,Muy Feliz
@David_Henrie *thats people mag haha i couldnt fit it all in.. i dont think those pictures ever made it in the magazine tho!  haha,Henrie thats people mag haha couldnt fit   dont think pictures ever made magazine tho haha,Contento
@breadandbadger Congrats!!  i totally forgot to submit photos ,Congrats totally forgot submit photos,Neutro
@imaginarypeach now your leaving me  .... -gets sad-,leaving   gets sad,Molesto
SHOOTING OUTSIDE MY HOUSE :O NOT KIDDING! So SCARED ,SHOOTING OUTSIDE HOUSE  KIDDING SCARED,Neutro
Tuesdayï¿½ll start with reflection ï¿½n then a lecture in Stress reducing techniques. That sure might become very useful for us accompaniers ,Tuesdayï ½ll start reflection ï ½n lecture Stress reducing techniques  sure might become useful us accompaniers,Contento
What tragedy and disaster in the news this week ,tragedy disaster news week,Neutro
yes yes still trying to find a picture that will upload correclty.. ,yes yes still trying find picture upload correclty  ,Neutro
Why oh why was the Red Sox game rained out? I was so looking forward to opening day ,oh Red Sox game rained  looking forward opening day,Neutro
I still can't find my keys. ,still  find keys ,Neutro
@charlietm I know right. I dunno what is going on with twitter. ,know right  dunno going twitter ,Contento
might be getting a sore throat again ,might getting sore throat,Neutro
@labelsnotlove   my home town. My mammy called all depressd.  Pls explain y a parent let their 8yr old child walk alone? Hello? Its 2009!,home town  mammy called depressd  Pls explain parent let 8yr old child walk alone  Hello  2009,Neutro
@ircmaxell - I think I need to find better anti-depressants.  I think this Paxil/Wellbutrin combo is losing its efficacy.  ,think need find better antidepressants  think Paxil Wellbutrin combo losing efficacy ,Contento
@MyConnecticut Restaurant called WoodNTap has competitive eating tourney round tourney time. We place 2nd ,Restaurant called WoodNTap competitive eating tourney round tourney time  place 2nd,Neutro
is in the bathroom... wake up lakin. ,bathroom  wake lakin ,Neutro
@CaitlinOConnor i want tacos and margarhitas  telll gay i say hello&lt3,want tacos margarhitas telll gay say hello lt3,Contento
bad day at the betfair office ,bad day betfair office,Hater
I miss him.  Can't wait to celebrate the Tar Heel win this weekend though!!,miss   wait celebrate Tar Heel win weekend though,Muy Feliz
I'm really cold. I don't want to go to sleep yet but there's nothing to do , really cold   want go sleep yet  nothing,Molesto
@kristencampisi is this it 4 u? Its ' officially over ' 4 me this go round! ,4 u   officially  4 go round,Neutro
monkeys??? i just found out you my twin and you wont even write back.  i'm heartbroken,monkeys    found twin wont even write back   heartbroken,Neutro
@miss_om Aww  I know I felt like that yesterday at work ,om Aww know felt like yesterday work,Contento
@SarahReedSC treaty isn't defined ,treaty  defined,Neutro
missed Brent at praise band.   No fun to not have the your lead guitarist.  &ltpout&gt,missed Brent praise band  fun lead guitarist  ltpout gt,Contento
@jpfurry poor john  this is what happens when you play with fruit and a microwave! Seriously though HAVE you seen a doctor?? Xxx,poor john happens play fruit microwave Seriously though seen doctor   Xxx,Molesto
Missing My BFF  watching home and away it reminds me of her and me  we &lt3 It. shout out to u courts,Missing BFF watching home away reminds lt3  shout u courts,Neutro
@mandayyy   ,,etiqueta
New video card is DOA. ,New video card DOA ,Neutro
missed Brent at praise band.  No fun to not have your lead guitarist. &ltpout&gt,missed Brent praise band  fun lead guitarist  ltpout gt,Contento
i think to much on the past. i cant change it. i deserved so much more then wat i got. ..but why am i still thinking about him  gah,think much past  cant change  deserved much wat got    still thinking gah,Neutro
has lost his ring. It's no-where to be seen ,lost ring   nowhere seen,Neutro
"@burgaw Ooooooh! *sealclap* See, I download shitloads of zip folders off 4chan. I have no internet moneys.  FUCK YEAH ALICIA &amp MIKEY.",Ooooooh sealclap See  download shitloads zip folders 4chan  internet moneys  FUCK YEAH ALICIA amp MIKEY ,Molesto
Is still nursing my Nile but glad he is feeling better. I hate when my baby is sick ,still nursing Nile glad feeling better  hate baby sick,Neutro
Is fucked to go back to IC ,fucked go back IC,Molesto
@Brandizzzle08 yoyoyo. my internet has been rude tonight. it JUST reconnected and I'm about to go to bed. ,yoyoyo  internet rude tonight  reconnected  go bed ,Molesto
@jemcam well i have uni stuff and netball  but after netbal if i've done uni stuff we can,well uni stuff netball netbal  done uni stuff,Neutro
@kissability Me too I is poor ,poor,Molesto
help me forget 8th april &amp 13th july! ,help forget 8th april amp 13th july,Neutro
i have to take my sidekick back. ,take sidekick back ,Neutro
@chriscantore congrats! I'm totally jealous! only wish my XM was working ,congrats  totally jealous wish XM working,Neutro
gr8t my face is very itchy ,gr8t face itchy,Neutro
poor socks  luvvvvv the golden retriever!! I want one sighhhh,poor socks luvvvvv golden retriever want one sighhhh,Neutro
I just saw that they found that Tracy girl in a piece of luggage... How fucking terrible ,saw found Tracy girl piece luggage  fucking terrible,Hater
Aaaaand the nausea is back. ,Aaaaand nausea back ,Neutro
@DonnieWahlberg ooh Iï¿½m excited and not even going 2 be there  long love YOUTUBE!,ooh Iï ½m excited even going 2 long love YOUTUBE,Contento
spent 1 hour to reach to Axis bank only to find out today is holiday for Mahavir Jayanti  contd..,spent 1 hour reach Axis bank find today holiday Mahavir Jayanti contd  ,Neutro
@mathewsmichael  i agree... the jobros dont update theres very often ,agree  jobros dont update theres often,Neutro
@fishmouse it is hilarious and I linked the clip from LJ some time ago but when I went back just now it was a dead link ,hilarious linked clip LJ time ago went back dead link,Neutro
@DiannePulham OOOOOOOO who with? (im not neither but thats because i need to study  ),OOOOOOOO   im neither thats need study ,Neutro
@bostongarden I miss bentley ,miss bentley,Neutro
seriously needs to finish these job applications ,seriously needs finish job applications,Molesto
Whinging. My client&ampboss don't understand English well. Rewrote some text unreadable. It's written by v. good writer&ampreviewed correctly. ,Whinging  client ampboss  understand English well  Rewrote text unreadable   written v  good writer ampreviewed correctly ,Contento
@huntermoore I don't want him to ever punch me.  , want ever punch ,Neutro
sooo sick of the snow  ughh,sooo sick snow ughh,Hater
@ITS_NEMESIS ------- ,NEMESIS,Neutro
@LoveMeagan it doesn't work your fan is upset , work fan upset,Neutro
I would like to apologize for the repeated Video Games Live related tweets. I am going to have a stern discussion with Koodo soon. Stern. ,would like apologize repeated Video Games Live related tweets  going stern discussion Koodo soon  Stern ,Neutro
@zaydia but i cant figure out how to get there / back / pay for a hotel etc ,cant figure get back pay hotel etc,Neutro
"FML: So much for seniority, bc of technological ineptness, I now have to &quotregister&quot for classes AGAIN ",FML  much seniority  bc technological ineptness  quotregister quot classes,Contento
feels like she slept the day away.    Not looking forward to any more bouts with my gallbladder.  At least I have pills now for the pain.,feels like slept day away  looking forward bouts gallbladder  least pills pain ,Molesto
@ThaStevieG but what I really want is my old bass back ,really want old bass back,Neutro
Mad tired today... Callin it in early tonight  nighty night twittas,Mad tired today  Callin early tonight nighty night twittas,Molesto
I'm afraid I had bad code. , afraid bad code ,Hater
Think I'm going to bed. Goodniight. I hate this ,Think  going bed  Goodniight  hate,Hater
@kariajay  All this time you didn't notice I was gone...just needed DB2 is it??,time  notice gone  needed DB2  ,Neutro
@aaronrva is in the bathroom and i have to pee!    ,bathroom pee,Neutro
@ashleyskyy but I wanted a margarita too! ,wanted margarita,Neutro
@KourtneyKardash yup night workouts r the worst but unfortunetly my work schedule only allows me to go at night  its tough!,yup night workouts r worst unfortunetly work schedule allows go night tough,Hater
Just called Hillsong again - they said they couldn't tell me where I was on the waiting list - I don't know if it's looking so good ,called Hillsong said  tell waiting list  know  looking good,Muy Feliz
@jokerrrr It stillllll hasn't arrived ,stillllll  arrived,Neutro
@karenucol ah! I bet it does I've been like craving to play softball or basketball !!! But I have noo time ,ah bet  like craving play softball basketball noo time,Neutro
Is terrified she accidentally deleted a reference in her management assignment and hopes she doesnt get in trouble when she gets back ,terrified accidentally deleted reference management assignment hopes doesnt get trouble gets back,Neutro
amazon s3 plugin not worked in my website . it need PHP 5 . but my hosting provider has only PHP 4.4  . very sad.,amazon s3 plugin worked website  need PHP 5  hosting provider PHP 4  4  sad ,Molesto
Just watched tropic thunder. Dreading tomorrow ,watched tropic thunder  Dreading tomorrow,Neutro
@qweendassah no...he's still miss'n... ,  still miss  n ,Neutro
ChiefDelphi is down ,ChiefDelphi,Neutro
playing game at home! my new boss didn't call me yet... ,playing game home new boss  call yet ,Neutro
Su yin Huen tweeted I feel unbearable guilt. I made my staff cry  http://tinyurl.com/cw2l9t,Su yin Huen tweeted feel unbearable guilt  made staff cry,Neutro
Poor Joshy is sick???   those damn tejanos!,Poor Joshy sick    damn tejanos,Molesto
My thoughts are with Sandra Cantu's family at this difficult and sad time ,thoughts Sandra Cantu  family difficult sad time,Molesto
Michigan who?  I don't know them.                   *sigh*   Shameful!,Michigan   know  sigh Shameful,Neutro
i have to fill two hours ,fill two hours,Neutro
@JonathanRKnight Oh! Did I mention it? &quotGooooood Moooorniiiiiiing&quot  from Germany! Im back in my cage....or better...my office ,Oh mention  quotGooooood Moooorniiiiiiing quot Germany Im back cage   better  office,Contento
throat is closing up and i had some string cheese. not a good idea ,throat closing string cheese  good idea,Muy Feliz
wishing i was home underneath my covers ,wishing home underneath covers,Neutro
walking home from school drains all my energy ,walking home school drains energy,Neutro
@SaveTheStrib Dang! I would have done this if I knew it was there earlier.  Any other outings planned?,Dang would done knew earlier  outings planned ,Neutro
I wish I was better at writing. It's taking me so long to write this paper. ,wish better writing   taking long write paper ,Contento
..and of course... I have access to my Halo 3 Mythic Map Pack re-download.. but bad news.. not the Legendary Map Pack... ugh.. 600MS... ,  course  access Halo 3 Mythic Map Pack redownload   bad news   Legendary Map Pack  ugh   600MS ,Neutro
@thecoolestout Ha the sun's already gone ,Ha sun  already gone,Neutro
day 2. a lot harder than day 1. let's see how day 3 goes tomorrow. ,day 2  lot harder day 1  let  see day 3 goes tomorrow ,Neutro
My man crush Jake Peavy let me down  #gayforpeavy,man crush Jake Peavy let gayforpeavy,Neutro
michigan state you make me sad ,michigan state make sad,Molesto
omg. my mouth is in so much pain  i just wanna sleep untill its time to take my braces off.,omg  mouth much pain wanna sleep untill time take braces ,Contento
getting annoyed easily today  &gt&gt&gt biofuel proposal: getting annoyed easily today  &gt&gt&gt biof.. http://tinyurl.com/ceprvs,getting annoyed easily today gt gt gt biofuel proposal  getting annoyed easily today gt gt gt biof  ,Neutro
@MizzChievouz Hey girl. The site is back.  Girlyvue is back and they have even more videos. ,Hey girl  site back  Girlyvue back even videos ,Neutro
@a5hleyf i'm spending time with my grandma early tomorrow and i can't leave skittles by herself. , spending time grandma early tomorrow  leave skittles ,Neutro
just got home from watching Michigan State get tromped!   ,got home watching Michigan State get tromped,Neutro
"Oh jew-bus! Two years worth of classes' work is ALOT to organize &gt_&lt i'm not finishing tonight, it's not possible...my bones ache ",Oh jewbus Two years worth classes  work ALOT organize gt lt  finishing tonight   possible  bones ache,Neutro
@hyperbets i hope this doesn't last too long.  i feel miserable!,hope  last long  feel miserable,Molesto
@rcompo RACHEL! hang outage is neccessary - i was gonna be home this wekend but dumb folk make me work   so im free F and Sat until 4...,RACHEL hang outage neccessary gonna home wekend dumb folk make work im free F Sat 4 ,Neutro
@TheLeagueSF Not Fun &amp Furious? The new mantra for the Bay 2 Breakers? It was getting 2 rambunctiousthe city overreacted &amp clamped down ,Fun amp Furious  new mantra Bay 2 Breakers  getting 2 rambunctiousthe city overreacted amp clamped,Contento
@amber_benson  my hubby (for some reason) thinks it's more important he has a good spot for red carpet for the Trek Movie Premiere. Sod!,benson hubby  reason  thinks  important good spot red carpet Trek Movie Premiere  Sod,Contento
@Jeffree_Star Jeffree! How do you keep your hair one color? My PERMANENT dye fades within the week ,Star Jeffree keep hair one color  PERMANENT dye fades within week,Neutro
@maddyVA Thanks a lot. Learned a lot of new words but didn't find what I was looking for. ,Thanks lot  Learned lot new words  find looking ,Neutro
Wish I had all the XBLM downloads all on the gamertag 'Hitokyri'. This 5 gamertag thing is nonsense... and I'm tired of it ,Wish XBLM downloads gamertag  Hitokyri   5 gamertag thing nonsense   tired,Molesto
New Testament Test at 9:30 am   ,New Testament Test 9  30,Neutro
@ScoutBuck tons no hay Troll? ahhhh ,tons hay Troll  ahhhh,Neutro
stupid movies we watched... mirrors ugggggh... stooopeeed!!! rip off! ,stupid movies watched  mirrors ugggggh  stooopeeed rip,Hater
last one!!! but still not done!!! ,last one still done,Neutro
homework.... ,homework  ,Neutro
I don't understand why things get taken away. I didn't have enough time with him its unfair. I want him back!! He was like my baby , understand things get taken away   enough time unfair  want back like baby,Neutro
Scratch that: du in heif (two in a half) cookies. My tum just can't take anymore shoog. Poots ,Scratch  du heif  two half  cookies  tum  take anymore shoog  Poots,Neutro
@cococourtney i was just listening to the sweets for the first time in forever! i miss them so much  can we go to chi town for visits plz?,listening sweets first time forever miss much go chi town visits plz ,Contento
@Sara_Kate Im afraid too  ( ur reply about uni from ages ago,Kate Im afraid  ur reply uni ages ago,Molesto
feeling down ,feeling,Neutro
@CarVin1 lol they are some emotional ass men!! Omg all this late night eating.. Both of us are broke ,lol emotional ass men Omg late night eating   us broke,Neutro
 wonder if Jon lost the net,wonder Jon lost net,Neutro
Wow. The most depressing thing in the world is losing a video that you've created in a matter of seconds.  #FML,Wow  depressing thing world losing video  created matter seconds  FML,Molesto
@nchokkan https://www.mycomicshop.com/search?TID=395031 But all says not in stock ,says stock,Neutro
@Poohpot lmao im sorry poohpot i ate it all! ,lmao im sorry poohpot ate,Neutro
Any chance  Softbelly (for @MTUB) isn't loud? ,chance Softbelly    loud ,Neutro
Time to move my posterior  and lose some fat. My articulation are creaking so no more running  but Iï¿½m drool for some swimming,Time move posterior lose fat  articulation creaking running Iï ½m drool swimming,Neutro
listening to nathan cry.... ,listening nathan cry  ,Neutro
today sucked. I'm gonna die without chris and callum!  wahhh!,today sucked   gonna die without chris callum wahhh,Neutro
@ohsbrat30...I'm sorry. I'm feeling kinda yucky myself. 5am is going to come too quick ,  sorry   feeling kinda yucky  5am going come quick,Neutro
is in love with scrappy and is missin him already ,love scrappy missin already,Contento
wants to hear @seblefebvre 's song but myspace is messing with me ,wants hear  song myspace messing,Contento
Bad news was Dad has cancer and is dying   Good news new business started and  I am now a life coach practising holistic weight management,Bad news Dad cancer dying Good news new business started life coach practising holistic weight management,Neutro
@duchess_rebecca Man... intervention is soo sad ,rebecca Man  intervention soo sad,Molesto
HELP! I need a new boyfriend... I'm stuck in a rut ,HELP need new boyfriend   stuck rut,Neutro
I feel like a complete idiot. I'm the only one who doesn't get how this shit works  help me ,feel like complete idiot   one  get shit works help,Molesto
Saw an ad on Craigslist for a casting call for a female host on G4. I was totally psyched! But realized it was a hoax ,Saw ad Craigslist casting call female host G4  totally psyched realized hoax,Neutro
Pepperoni rolls in L.A.?: I called Valentino's - they said that they had sausage rolls but no pepperoni rolls  http://tinyurl.com/cec5ka,Pepperoni rolls LA   called Valentino  said sausage rolls pepperoni rolls,Neutro
i want the new GG episode already ,want new GG episode already,Neutro
I miss watching Rocko's Modern Life. ,miss watching Rocko  Modern Life ,Contento
RIP Sandra....its so sad    how can someone do something like that??,RIP Sandra   sad someone something like  ,Molesto
Keeping my fingers crossed for my buddy    He is not feeling well.,Keeping fingers crossed buddy feeling well ,Neutro
Wait should I eat?? Or be skinny for vegas!! I'm hungry! ,Wait eat   skinny vegas  hungry,Neutro
Sitting here wondering why &quotED&quot still has such a strong hold on me ,Sitting wondering quotED quot still strong hold,Contento
@bananaface IM SORRY I GOT YOU SICK.  lol. going to bed too. NIGHT!,IM SORRY GOT SICK  lol  going bed  NIGHT,Neutro
@Steve_Buscemi the weather in Canada is freezing ,Buscemi weather Canada freezing,Neutro
twiggassssssss I been out of range all day  I'm back now and hopefully for good.,twiggassssssss range day  back hopefully good ,Contento
@danadearmond ,,etiqueta
anyone who reads this pray for my Grandma. She's in pain ,anyone reads pray Grandma   pain,Neutro
"#3 woke up and was having an accident - &quotIt's pushing, it's pushing!&quot he was crying because he couldn't stop from wetting his pants.  ",3 woke accident quotIt  pushing   pushing quot crying  stop wetting pants ,Neutro
@johnnybeane hey! you just changed your default. ,hey changed default ,Neutro
Finally gave in and was bored enough to start this thing. I think the 140 is going to be a problem for me tho.  its like a myspace status.,Finally gave bored enough start thing  think 140 going problem tho  like myspace status ,Neutro
buttload of homework! ,buttload homework,Neutro
needs another copy of visual studio 2008 ,needs another copy visual studio 2008,Neutro
omg i've an economics test. and i dont know all the things i have to know and omg im gonna fail ,omg  economics test  dont know things know omg im gonna fail,Molesto
@hummiemd I KNOW! I was really surprised since everyone recommends them on youtube.  I have to call them tomorrow and figure it all out.,KNOW really surprised since everyone recommends youtube  call tomorrow figure ,Neutro
Waiting at the airport for my ride while I get harassed by 2 men trying to sell me ugly hats.. Why me?!  I just want to sleep..,Waiting airport ride get harassed 2 men trying sell ugly hats    want sleep  ,Hater
i left my IDs at the location and now i can not go out to bars  FUCKKKKKKKKKKKKK,left IDs location go bars FUCKKKKKKKKKKKKK,Neutro
@celycarmo i'm sorry I don't understand your last comment , sorry  understand last comment,Molesto
@OfficialRandL when is the announcement? i stayed up late last night ,announcement  stayed late last night,Neutro
ITS NOT ENOUGH TO SAY THAT IMISS U ,ENOUGH SAY IMISS U,Neutro
This trolley has up packed in like sardines! Padre game and they REMOVE a car?! Good call MTS ,trolley packed like sardines Padre game REMOVE car  Good call MTS,Neutro
@SupaMagg that happened to me saturday night. along with my glittery green lighter! ,happened saturday night  along glittery green lighter,Neutro
trying to reduce the number of cigarettes in each day! ,trying reduce number cigarettes day,Neutro
yea it is so quiet around here cuz everyone has to work im bored to death with nobody to talk to ,yea quiet around cuz everyone work im bored death nobody talk,Molesto
gotta do my cooking assignment  its too hard,gotta cooking assignment hard,Molesto
@mamasvan lol - nope! but i did have complete #camerafail ,lol nope complete camerafail,Contento
@maxime68 @megelder But! I'm useless if I don't sleep  It's not fair! I want all the fun as well!!!, useless  sleep  fair want fun well,Neutro
My Pookie has a UTI.  I have to be Nurse Gabbie and get him back to 100%!!! No more sodas!!!!!!!!!!!!!!,Pookie UTI  Nurse Gabbie get back 100 sodas,Neutro
@jillianfish tweet something damn it!  and hang out with me please? ,tweet something damn hang please ,Neutro
@anistorm ,,etiqueta
"@sleep_til_noon I did, it was the only one left but I got tempted and ate it soon as I got home  I had a chocolate velvet &amp ate d mocha",tilnoon  one left got tempted ate soon got home chocolate velvet amp ate mocha,Neutro
Is stressing out because my blackberry keeps flashing a red alert status for no reason!! Its faking me out and I hate it!!! ,stressing blackberry keeps flashing red alert status reason faking hate,Molesto
http://twitpic.com/2y34e - I wanna wear my Doc Martens out! Haven't worn them since December. ,wanna wear Doc Martens  worn since December ,Neutro
When to the shoe repair shop and the guy could not find my shoes!  So I have to go back and see if he can find them in a couple days. ,shoe repair shop guy could find shoes go back see find couple days ,Neutro
@B_Barnett I did not really see that coming ,Barnett really see coming,Contento
it'll take 3 days for my sister to get her passport , take 3 days sister get passport,Neutro
@nicolerichie OH MY YES!! i miss ,OH YES miss,Neutro
Uh oh... I think I am getting sick ,Uh oh  think getting sick,Hater
Good GOD they ruined my belly button!!!  ,Good GOD ruined belly button,Muy Feliz
Watching Who Framed Roger Rabbit. Makes me miss Toon Town. ,Watching Framed Roger Rabbit  Makes miss Toon Town ,Neutro
running nose + spinning head = not a good combination for a meeting! ,running nose spinning head  good combination meeting,Muy Feliz
@EazyDoesIt87 NEGATIVE.. you lost my vote of confidence ,NEGATIVE   lost vote confidence,Molesto
Nasty budget due and my iphone is being sent to Apple today. ,Nasty budget due iphone sent Apple today ,Molesto
@Sofii_Noel thatï¿½s bad ,Noel thatï ½s bad,Hater
I'm so upset that I missed my chat and quiz online because my free internet has ceased , upset missed chat quiz online free internet ceased,Contento
can't believe it! I'm in disbelief of it all in a way really. How much can I take from people and always get hurt by others!! , believe  disbelief way really  much take people always get hurt others,Contento
Car show season has started without me ,Car show season started without,Neutro
my throat is raw. ,throat raw ,Molesto
@KevChoice I just don't get it. What in a persons mind could even have them on some ish like this???  My prayers are with her fam for real, get  persons mind could even ish like    prayers fam real,Contento
@frago I hate you. I didn't need to see that. I need to call my therapist now. ,hate   need see  need call therapist ,Hater
Twilight didn't come yesterday  fingers crossed for today,Twilight  come yesterday fingers crossed today,Neutro
@NileLegania glad I was able help you feel better. I hate to see you sick  Love you!,glad able help feel better  hate see sick Love,Neutro
is tireddddddd. want to sleep but i have an assignment to finish and an exam tomorrow to study for ,tireddddddd  want sleep assignment finish exam tomorrow study,Neutro
omg..its jst teusday ,omg   jst teusday,Neutro
@ddlovato @David_Henrie ummmmm i cant find it. ,Henrie ummmmm cant find ,Neutro
Just heard that they found Sandra Cantu... She was only 8 yrs old ,heard found Sandra Cantu  8 yrs old,Neutro
@corrosivecandy Ive forgotten how to snoo-snoo  I wonder if snoo-snoo and I will ever meet again...,Ive forgotten snoosnoo wonder snoosnoo ever meet ,Neutro
@AmaNorris wow that last tweet made me seem like a giant sexist...sorry about that ,wow last tweet made seem like giant sexist  sorry,Neutro
"My bathtub drain is fired: it haz 1 job 2 do, &amp it iz FAIL. I got all Drano on its ass, &amp iz STILL NOT DRAINING. I wanna shower, dangit!! ",bathtub drain fired  haz 1 job 2  amp iz FAIL  got Drano ass  amp iz STILL DRAINING  wanna shower  dangit,Molesto
stuck at home ,stuck home,Neutro
@nomadicmatt mine is 1/10  how do you get it up?,mine 1 10 get ,Neutro
Duckling in famous children's book stolen from Boston's Public Garden - The Boston Globe http://tinyurl.com/dc2htx via @ShareThis OH NO!! ,Duckling famous children  book stolen Boston  Public Garden Boston Globe via OH,Contento
MORNING!!! Good im bloody knackered!!! Work is not for me today  HELPPP!!!! xxx,MORNING Good im bloody knackered Work today HELPPP xxx,Neutro
@jeffreecuntstar  I don't have a garage.  But you can park in my driveway!, garage  park driveway,Neutro
@lauredhel  What happened?,happened ,Neutro
"&quotOn popular music&quot by T.W.Adorno is probably the most difficult reading ever prescribed, I'm actually struggling to continue ",quotOn popular music quot TW Adorno probably difficult reading ever prescribed   actually struggling continue,Neutro
@brian_armstrong What a pity YouTube is currently blocked in China.  I can't see the vids. ,armstrong pity YouTube currently blocked China   see vids ,Neutro
@margaretcho what happened to your show it was the hightlight of my life ,happened show hightlight life,Neutro
This is the best leather sofa in the world!  It's in the office though which means I'm still here working ,best leather sofa world  office though means  still working,1.0
Still 3 more days until my Internet gets uncapped ,Still 3 days Internet gets uncapped,Neutro
i Love my atekinzz so much. &amp&amp i soo miss her.. ,Love atekinzz much  amp amp soo miss  ,Contento
I wanna sneak into the zoo and play with the kitties ,wanna sneak zoo play kitties,Neutro
@lolitariot oh no  hope you're not getting sick too!,oh hope  getting sick,Hater
@alejandralei i dont think i can cause its my cousins birthday party ,dont think cause cousins birthday party,Neutro
the angel is going to miss the athlete this weekend ,angel going miss athlete weekend,Neutro
trust is hard ,trust hard,Molesto
have watched that considering today. yaknow. shawnna tomomorrowi need my bestfriend ,watched considering today  yaknow  shawnna tomomorrowi need bestfriend,Neutro
Grr i want to keep reading but if i do i wont have anything left to read ,Grr want keep reading wont anything left read,Molesto
@RumLover No! u supposed to be my date ,u supposed date,Neutro
"pears &amp Brie, bottle of Cabernet, and &quotWin a Date With Tad Hamilton&quot... oh gawwd my life flashed forward to when I'm 40 with my 75 cats ",pears amp Brie  bottle Cabernet  quotWin Date Tad Hamilton quot  oh gawwd life flashed forward  40 75 cats,Neutro
Crap. I need more dresses too. ,Crap  need dresses ,Hater
@kaeeeep yeah! i know! it was horrible!!!! ugh. saddening. ,yeah know horrible ugh  saddening ,Hater
@Brodhe geez ur no fun are you ,geez ur fun,Contento
I wanna be in a punk rock band again ,wanna punk rock band,Neutro
@jyesmith That's a lot of angst for a Tuesday afternoon , lot angst Tuesday afternoon,Neutro
I'm very glad Britney isn't crazy anymore! That was one hell of a show! Now I'm sad that it's over.  Next up...AP at Cook County!, glad Britney  crazy anymore one hell show  sad   Next  AP Cook County,Neutro
has a huuuge headache! omg I feel like crap! ,huuuge headache omg feel like crap,Hater
@Anistorm Sorry ,Sorry,Molesto
I LOVE @Health4UandPets u guys r the best!! ,LOVE u guys r best,Muy Feliz
im meeting up with one of my besties tonight! Cant wait!!  - GIRL TALK!!,im meeting one besties tonight Cant wait GIRL TALK,Neutro
@LovesBrooklyn2 he has that effect on everyone ,effect everyone,Neutro
@ProductOfFear You can tell him that I just burst out laughing really loud because of that  Thanks for making me come out of my sulk!,tell burst laughing really loud Thanks making come sulk,Neutro
@r_keith_hill Thans for your response. Ihad already find this answer ,keithhill Thans response  Ihad already find answer,Neutro
@e4VoIP I RESPONDED  Stupid cat is helping me type. Forgive errors ,RESPONDED Stupid cat helping type  Forgive errors,Hater
crazy day of school. there for 10 hours straiiight. about to watch the hills. @spencerpratt told me too! ha. happy birthday JB! ,crazy day school  10 hours straiiight  watch hills  told ha  happy birthday JB,Neutro
@naughtyhaughty HOW DID I FORGET ABOUT TWO AND A HALF MEN?!?!? I LOVE THAT SHOW!!! ,FORGET TWO HALF MEN    LOVE SHOW,Neutro
@LutheranLucciol Make sure you DM me if you post a link to that video! &ltLOL&gtSo I don't miss it   Better get permission and blessing first?,Make sure DM post link video ltLOL gtSo  miss Better get permission blessing first ,Contento
Just added tweetie to my new iPhone ,added tweetie new iPhone,Neutro
@michellardi i really don't know. i think its Globe!  yeah! sana gumaling na ko para alam ko na din kung makakasama ako! ),really  know  think Globe yeah sana gumaling na ko para alam ko na din kung makakasama ako ,Contento
@nicolerichie: your picture is very sweet , picture sweet,Contento
Didn't place in the Peeps contest but thanks for voting anyways. , place Peeps contest thanks voting anyways ,Contento
Going to bed so goodnight everyone  and sweet dreams  http://twitpic.com/2y2e0,Going bed goodnight everyone sweet dreams,Contento
@LittleLumen walking over to put the deposit down tomorrow ,walking put deposit tomorrow,Neutro
@LordPov Are you meant to add on the back of that &quottwittering from a toilet cubicle somewhere&quot? ,meant add back quottwittering toilet cubicle somewhere quot ,Neutro
Aw i'm holding my new puppy. Well He's not mine but He's a cutie. ,Aw  holding new puppy  Well  mine  cutie ,Neutro
@iJohn kitteh is sleepin on my crotch which proves she likes me more ,kitteh sleepin crotch proves likes,Contento
@DramaBeats agreed ,agreed,Neutro
reaching amritsar in an hour and (if i find a bus) should be at wagah border by 2pm  - http://bkite.com/06fuJ,reaching amritsar hour  find bus  wagah border 2pm,Neutro
@ALBinLA.  I was just thinking about you tonight!  You have to let me be the first to interview you're a famous super star , thinking tonight let first interview  famous super star,Contento
happy to spend time with the family. ,happy spend time family ,Muy Feliz
finally going to bed!  so tired. Was gonna watch The Hills but didnt =/,finally going bed tired  gonna watch Hills didnt ,Neutro
so effing tired of my throat hurting.... ooooohh... i just got a crazy craving for a pina colada/banana slushie!!!! ,effing tired throat hurting   ooooohh  got crazy craving pina colada banana slushie,Molesto
@deon upload di indowebster dong banggggg ,upload di indowebster dong banggggg,Neutro
@wisdomous you're welcome. glad you enjoyed it. , welcome  glad enjoyed ,Muy Feliz
@hawaii808shellz hAhAHA!! omG! we wer bOth laughiN off d hOOk!  cuz das hOW we roLLL...ryt sheLdawg?,hAhAHA omG wer laughiN hOOk cuz das roLLL  ryt sheLdawg ,Contento
@SickWithThePen awww pookie feel better. I'll pray for you...and BAG the nurse up ,awww pookie feel better   pray  BAG nurse,Contento
YAY! found a new cuddle buddy ,YAY found new cuddle buddy,Neutro
I think I met my first &quotsnob&quot on twitter tonight. Too bad. Life goes on! ,think met first quotsnob quot twitter tonight  bad  Life goes,Molesto
Across the Universe. Sleep. Rehearsal tomorrow. ,Across Universe  Sleep  Rehearsal tomorrow ,Neutro
having a long conversation with mom on phone ,long conversation mom phone,Neutro
@suitelifeofkell yayyy! lol. i just requested herrr. what did she say? ,yayyy lol  requested herrr  say ,Muy Feliz
Practicing lines/mannerisms/voices for upcoming feature shoot.  Probably driving Brock crazy.  ,Practicing lines mannerisms voices upcoming feature shoot  Probably driving Brock crazy ,Molesto
Going to go and read new moon for the 3rd time  I cant get enough of twilight series ,Going go read new moon 3rd time cant get enough twilight series,Neutro
today is our two month anniversary!!! i love you sooooooo much Diana. omg you dont even know  TAR HEELS WON THE NCAA WOOT!!!!!,today two month anniversary love sooooooo much Diana  omg dont even know TAR HEELS NCAA WOOT,Contento
I am bored ,bored,Molesto
@stevecla it is a wallpaper with Red Square I was asking for ,wallpaper Red Square asking,Neutro
@r_keith_hill Thanks for your response. Ihad already find this answer ,keithhill Thanks response  Ihad already find answer,Contento
@Pope_Mello Well yeah! I only noticed cuz i'm BB too. ,Mello Well yeah noticed cuz  BB ,Neutro
Just tryna get inspired thats all ,tryna get inspired thats,Neutro
@KourtneyKardash Can't get up early enough!!!  Night workouts are much better. , get early enough Night workouts much better ,Neutro
"@QuotableBuffy I got a bunch of Buffy songs too! One of my faves is &quotVivian&quot by Nerf Herder, when Faith met Spike in Buffy's body. ",got bunch Buffy songs One faves quotVivian quot Nerf Herder  Faith met Spike Buffy  body ,Neutro
#Devunity Wallpaper  Check this out !   --&gt    http://twitpic.com/2y2e2,Devunity Wallpaper Check gt,Neutro
   uploading pictures on friendster ,uploading pictures friendster,Neutro
@ash_CT Aw dont you love that  I love for those days! Thanks about the pic #¿NOMBRE?,CT Aw dont love love days Thanks pic NOMBRE ,Contento
noodlebox with amanda tonight ,noodlebox amanda tonight,Neutro
@fuzeb they are so serious too while singing like.. whoa  hehe lsd maybe? j/k lolol,serious singing like   whoa hehe lsd maybe  j k lolol,Contento
loving life... and loving you ,loving life  loving,Muy Feliz
@ApothecaryJeri  I love Sicilians best damn pizza on the planet [says I] ,love Sicilians best damn pizza planet  says ,Muy Feliz
loves chocolate milk  and that is GF YEAH..,loves chocolate milk GF YEAH  ,Neutro
Going to Sutter Creek tomorrow to tour an old Mine ,Going Sutter Creek tomorrow tour old Mine,Neutro
@paula_paige3489 so apart from the sore... how was the tryouts? ,paige3489 apart sore  tryouts ,Neutro
failed physics TEST... what a homo. keeen for the holidays (2 days to go) ,failed physics TEST  homo  keeen holidays  2 days go ,Molesto
@leiabox so what can you tell us about it? I'm totally geeking out right now ,tell us   totally geeking right,Neutro
@Rebecca1158 goodnight. ,goodnight ,Neutro
My brother is sick too lol. Quite weird ,brother sick lol  Quite weird,Neutro
@drdrew *gives a hug and a cookie* Hope you feel better! ,gives hug cookie Hope feel better,Contento
@jonathanRKnight Hey Jon! It's real and I hope you take care of yourself...we don't want you to get too rundown.  ((Hugs)),Hey Jon  real hope take care   want get rundown    Hugs  ,Contento
had a good tech meeting at clubZone - dinner was sushi ,good tech meeting clubZone dinner sushi,Muy Feliz
@mattgalloway Thanks for the hook up with @CarlyRush and suggesting me again bro! you rock! ,Thanks hook suggesting bro rock,Contento
@jeffswarens depends on which version they thought you  the one I know doesn't go like that ),depends version thought one know  go like ,Neutro
@Speak2Ashley hand is still pretty weak i cant like punch anyone out yet or turn knobs but it doesnt hurt much ,hand still pretty weak cant like punch anyone yet turn knobs doesnt hurt much,Neutro
@Honey3223 Lurkers now that was interesting ,Lurkers interesting,Contento
@saravananp mine is B North. Still need to decide 'aaru hithavaru ninage ee moovaroLage' to vote ,mine B North  Still need decide  aaru hithavaru ninage ee moovaroLage  vote,Neutro
@trstfndbby um I bought my shit from the Koreans its OACH  highest quality out there baby  I paid an extra 3.50 2 get a real tag sewed in,um bought shit Koreans OACH highest quality baby paid extra 3  50 2 get real tag sewed,Neutro
eating ice-cream with chocolate topping ,eating icecream chocolate topping,Neutro
@iamdiddy your telling me.. just finished doing 200 crunches!  step it up Diddy ! LETS GO!,telling   finished 200 crunches step Diddy LETS GO,Neutro
@its_yvonne daaang i didn't know it was possible to talk that long! what'd you guys talk about ,yvonne daaang  know possible talk long  guys talk,Neutro
@LaurUy West.  Mostly San Jose and San Francisco.,West  Mostly San Jose San Francisco ,Contento
@marymayblood I would love to come help unpack   Let me know where I need to be Sat afternoon!,would love come help unpack Let know need Sat afternoon,Contento
shenagians!  my team is awesome&lt3,shenagians team awesome lt3,1.0
listening to some music and just chilling....I'll probably regret not getting work done...but till then i'm just gonna kick back ,listening music chilling    probably regret getting work done  till  gonna kick back,Molesto
I am doing a study of Think &amp Grow Rich - Wow - it's amazing how timeless the law of attraction is! So now we're on our 6 step program! ,study Think amp Grow Rich Wow  amazing timeless law attraction  6 step program,Contento
@BittenbyBooks Oh good!  I'm glad you're feeling better!   I've been really good!  It'll be a crazy week though... In a good way! ,Oh good  glad  feeling better  really good  crazy week though  good way,Contento
21 Days till chris comes home and 67 days till summer ,21 Days till chris comes home 67 days till summer,Neutro
@therealjspace am I the first one to tell you you tweet the most while drinking! LOL. ,first one tell tweet drinking LOL ,Contento
@its_anne Kay thanks. ,anne Kay thanks ,Contento
Goodnight ,Goodnight,Neutro
I am determined to get back into baseball -- it's been 5 years since I've really watched the sport. Anyone interested in going to a game? ,determined get back baseball  5 years since  really watched sport  Anyone interested going game ,Neutro
@MissNappyBoy and ur home is where? ohhh i nkow lexington ky rite next to me ,ur home  ohhh nkow lexington ky rite next,Neutro
Just seen the preview for the movie &quotObsessed&quot w/ Beyonce. Wow one crazy broad in that movie &amp Beyonce seems to go nuts in it too! ,seen preview movie quotObsessed quot w Beyonce  Wow one crazy broad movie amp Beyonce seems go nuts,Neutro
Easy Rider till I fall asleep ,Easy Rider till fall asleep,Contento
@belliestobabies I have two too. I just don't know how people survive winter without jungle gyms at home ,two   know people survive winter without jungle gyms home,Neutro
@jaredleto Just started to work. But it's the last one before holidayholiday!! ,started work   last one holidayholiday,Neutro
Watchin Greek then off to Knighty Knight!! ,Watchin Greek Knighty Knight,Neutro
i am working on my media room design and i love love love my client profile ,working media room design love love love client profile,Contento
@Greeks05 its pretty lame..hahaha but yay i get to stalk your sexy ass on here now ,pretty lame   hahaha yay get stalk sexy ass,Neutro
Another good day  nitey nite everyone! First day of school tomorrow!!! Ahh I'm kinda nervous yet excited...til tomorrow!,Another good day nitey nite everyone First day school tomorrow Ahh  kinda nervous yet excited  til tomorrow,Contento
thinking and planning ,thinking planning,Neutro
@jimmyeatworld been listening to that all morning  http://www.deezer.com/track/885843,listening morning,Neutro
@UrbanThai  and you have me to thank for that ,thank,Neutro
@LarryCarroll ARE WE GOING TO BE GETTING ANY NM UPDATES THIS TIME AROUND? I'm not really screaming. Just wondering. Thanks! ,GOING GETTING NM UPDATES TIME AROUND   really screaming  wondering  Thanks,Contento
@suitelifeofkell that's freakin' cooool   i love twitter .haha, freakin  cooool love twitter  haha,Contento
@I3renda maybe. there's nothing wrong with being caring. but try not to care too much. ,maybe   nothing wrong caring  try care much ,Neutro
why does Brissa not even know she has a twitter? -Lauren ,Brissa even know twitter  Lauren,Neutro
@jbrotherlove I thought it was a great love story ,thought great love story,Muy Feliz
@amandahesser thanks!  i couldn't have done it without you  ,thanks  done without,Contento
"wow that was neat, thanks God! OVERITNOW&lt3  i apologize for sharing my spiritual moment with the general public of Twitter ",wow neat  thanks God OVERITNOW lt3 apologize sharing spiritual moment general public Twitter,Neutro
... 31 days until I leave for Ontario!! , 31 days leave Ontario,Neutro
Just spoke with my fam in #Japan via #Skype! Love to see my little 16-mo-old nephew growing! ,spoke fam Japan via Skype Love see little 16moold nephew growing,Neutro
@LissyM ahh i only just saw you'd written that where does it tell you that someones spoken to you? this sucks but mcfly got it haha loser ,ahh saw  written tell someones spoken  sucks mcfly got haha loser,Neutro
@KaciMaureen holy laundry woman! ,holy laundry woman,Neutro
@markhoppus lol youï¿½re so fucking funny ,lol youï ½re fucking funny,Contento
@nikhilnarayanan saw the tvc yesterday.. worked for me ,saw tvc yesterday   worked,Neutro
Jon could totally say Mannies and Peddies and I would shut my fat face about it.  ,Jon could totally say Mannies Peddies would shut fat face ,Neutro
A friend feels like a beer on a Monday night. That's never good. But beer is always good. Always. ,friend feels like beer Monday night   never good  beer always good  Always ,Neutro
"@JohnHays hmm, that I don't agree with entirely because I am most creative &amp vibrant @ night for some reason...but I need 2 sleep too ",hmm   agree entirely creative amp vibrant  night reason  need 2 sleep,Contento
@izzakizza nada just tryna holla holla.   hows the mixtape coming up?,nada tryna holla holla  hows mixtape coming ,Neutro
@aussie_ali  yep it makes it so much easier to get points across in 140 ,ali yep makes much easier get points across 140,Contento
http://twitpic.com/2y2jf - my cupcakes ,cupcakes,Neutro
@mynameisgerard haha! i'm not saying u should try it.. but maybe u should ,haha  saying u try   maybe u,Contento
@sisterpatterson I just ate raw cookie dough out of a tub and now to bed. We must be kindred spirits ,ate raw cookie dough tub bed  must kindred spirits,Molesto
@blooms5887 Just use Tweetdeck and you can update facebook and twitter at the same time ,use Tweetdeck update facebook twitter time,Neutro
@nsastrasasmita k. i'll try to figure it out. i'm gonna go to bed. night night  ,k   try figure   gonna go bed  night night,Neutro
amazing night with llama and malcolm and megan&lt---fuck the theatre! ,amazing night llama malcolm megan lt fuck theatre,Neutro
@kayotae Just had a martini myself. ,martini ,Neutro
city all day soo happy to be home. school in the morning ,city day soo happy home  school morning,Muy Feliz
My spring break= watching moviess all day everyday for a week ,spring break  watching moviess day everyday week,Neutro
@PushPlayNICK &quotGrandpa wants an ice chest and some beef.&quot  George Lopez rulesss!,quotGrandpa wants ice chest beef  quot George Lopez rulesss,Contento
@KatiePorrello thank you Katie! heading to the club as we speak! you have yourself a stellar night as well... take it easy homey!! ,thank Katie heading club speak stellar night well  take easy homey,Contento
"http://www.youtube.com/watch?v=cLe9pJSRas0 Where have all the flowers gone, Peter Paul &amp Mary  My fav, def.",flowers gone  Peter Paul amp Mary fav  def ,Neutro
shhhhhhhhhh....time to watch the Hills. ,shhhhhhhhhh   time watch Hills ,Neutro
@JonathanRKnight Oh its real Jon!  We all r so excited that u and the guys came back 4 us.  We appreciate all you put out there!  ,Oh real Jon r excited u guys came back 4 us  appreciate put,Neutro
@LonelyBob Thank you! Am at home pretty much everywhere. Provided I have broadband ...kiddin' ,Thank home pretty much everywhere  Provided broadband  kiddin ,Contento
Callin it a night! I always have the best sleep after a good workout!! ,Callin night always best sleep good workout,Muy Feliz
@Infinitarchitek Feels pretty good doesn't it? ,Feels pretty good  ,Contento
@stee322 but you did go to hash bash anyway.. ,go hash bash anyway  ,Neutro
@ninasplayground I agree.  My kids got &quotWho am I&quot 4 Christmas. It's bn fun but I caught my 4 yrold cheating by looking at reflection in TV,agree  kids got quotWho quot 4 Christmas   bn fun caught 4 yrold cheating looking reflection TV,Contento
My hair is blue. ,hair blue ,Neutro
@wendy_bowser Thank you for the kind words!  I appreciate it.  Have a great night ,bowser Thank kind words appreciate  great night,Muy Feliz
stressing over this math test...uhhh....2 days till spring break!!!! ,stressing math test  uhhh   2 days till spring break,Neutro
@EMPRESSYEN WHATCHA CHUCKLIN BOUT MS.YEN ,WHATCHA CHUCKLIN BOUT MS  YEN,Neutro
@ijustine the gym is an awesome place! work it out ,gym awesome place work,1.0
@augustography hmmm think we need to get you climbing up hills .. you'll be really sining then ,hmmm think need get climbing hills    really sining,Contento
Just won 20$ on unc game ,20 unc game,Molesto
Really tired. Going to prepare for bed. G'night! ,Really tired  Going prepare bed  G  night,Molesto
@keyannaaa the new story of your life will include magic fountain with me ,new story life include magic fountain,Contento
should be going to bed... maybe i'll do that... but i'm thinking I'll put on Anastasia on my laptop as i fall asleep ,going bed  maybe    thinking  put Anastasia laptop fall asleep,Neutro
@ijustine http://twitpic.com/1ff65 - I love ur top ,love ur top,Contento
"@yoshigi I have terrible back and neck aches too... Get a good chair, that will help.  I am waiting for my &quotSWOPPER&quot to arrive. ",terrible back neck aches  Get good chair  help  waiting quotSWOPPER quot arrive ,Neutro
http://twitpic.com/2y2jz - we are so stinkin cute ,stinkin cute,Contento
@Lyndeeezy hahah not yet! but soon. very soon ,hahah yet soon  soon,Neutro
@michaelgrainger we have much more than that in common my friend!! ,much common friend,Molesto
@ben_mayer better be. I don't wanna have to come find u and save the dog. But I would!  I'm all 4 the animals . Call off the twit police,mayer better   wanna come find u save dog  would  4 animals  Call twit police,Contento
@Westneyrhindxx hello westney  what are you doing ?? x,hello westney   x,Neutro
@WhereisKevinn well my night seems pretty boring in comparison to the strokes you've experienced tonight ,well night seems pretty boring comparison strokes  experienced tonight,Neutro
@jephjacques I love the way you draw giraffe eyelashes. ,love way draw giraffe eyelashes ,Contento
@SwitchItNow ahhh shiner Bock in Austin YES! thanks for the Twitter @reply so I can relive too ,ahhh shiner Bock Austin YES thanks Twitter relive,Contento
@holytshirt Glad to read it! ,Glad read,Contento
spent the evening outside in the beautiful warm weather. finally feels like spring ,spent evening outside beautiful warm weather  finally feels like spring,Contento
pullin an all nighter wit my bffl madison ,pullin nighter wit bffl madison,Neutro
@AttractMode Thanks for putting on such a great event. Can't wait for the inevitable sequels! ,Thanks putting great event   wait inevitable sequels,Contento
@thenub you are too ,,etiqueta
@jimmycarr that big oaf can play piano? ,big oaf play piano ,Neutro
Bryon is my tea bitch ,Bryon tea bitch,Neutro
I am gonna help my mom get a twitter ,gonna help mom get twitter,Neutro
@lavsmohan...... Yup!! saw the entire match....reached office late.. ,  Yup saw entire match   reached office late  ,Neutro
"going to bed. My bb isn't working &amp I'm bored.  Night all. Love me harder tomorrow, than you did today. Peace, Prayers, &amp Blessings.",going bed  bb  working amp  bored  Night  Love harder tomorrow  today  Peace  Prayers  amp Blessings ,Neutro
@DEEJAY_BOOGIE ya we did trying to beat traffic but ya hope to be back soon ,BOOGIE ya trying beat traffic ya hope back soon,Neutro
@ashvala Was driving in Old madras road on my bike!! There is no concept called parking on the side ,driving Old madras road bike concept called parking side,Neutro
@upstatement can I apply to be in your class too? ,apply class ,Neutro
is reading manga  http://plurk.com/p/mzp1e,reading manga,Neutro
@BradmanTV Thanks....it seemed the right moment. I love your show.  Your songs bring me joy.,Thanks   seemed right moment  love show  songs bring joy ,Contento
@Adri_Mane ROflmao... niqqa please. you ackin' a fool now. ,Mane ROflmao  niqqa please  ackin  fool ,Neutro
@comeagainjen http://twitpic.com/2y2lx - http://www.youtube.com/watch?v=zoGfqvh2ME8 ,,etiqueta
@LindzNicole so let's make it right! ,let  make right,Contento
@rhonda_brown thanks for the tip on Sam's Club! ,brown thanks tip Sam  Club,Contento
@KourtneyKardash yep Mornings are the Best! nighttime is chill time ,yep Mornings Best nighttime chill time,1.0
@pocketfulofme yay!!! hehe TWINS ,yay hehe TWINS,Neutro
@jolilore Thank you ,Thank,Neutro
"&quotCity of Ember&quot was AWESOME!!! SO have to finish the book and read the next one (ones?) now.  Time for bed possibly? Who knows, really. XD",quotCity Ember quot AWESOME finish book read next one  ones    Time bed possibly  knows  really  XD,Contento
@trugiaz You and i mate! ,mate,Neutro
 just watched the movie Wanted... it was pretty darn good.,watched movie Wanted  pretty darn good ,Contento
just got home from Neil's. watched Nick &amp Nora's Playlist... pretty funny  ,got home Neil   watched Nick amp Nora  Playlist  pretty funny,Contento
@donniewahlberg hell yeah! there's the effin man! ,hell yeah  effin man,Neutro
@roshnimo Dont be lazy............try a few out.... tools are to make life easy for lazy people ,Dont lazy     try   tools make life easy lazy people,Neutro
Thinks everyone needs to go buy Tina Parol's song Who's Got Your Money on iTunes ... NOW! ,Thinks everyone needs go buy Tina Parol  song  Got Money iTunes ,Neutro
can't wait for vegas , wait vegas,Neutro
@theDebbyRyan Hey Debby ,Hey Debby,Neutro
One sixty six in bowling. Holy shit lol ,One sixty six bowling  Holy shit lol,Contento
and now off to bed after an amazing night chatting with a pretty amazing guy  ( you know who you are),bed amazing night chatting pretty amazing guy  know ,Contento
"@lhawthorn What a coincidence! I was just stalking your Twitter feed and the GSoC news. ) I'm doing great, thanks. How about you? ",coincidence stalking Twitter feed GSoC news    great  thanks  ,Contento
Trying to figure out a way to pay it forward ,Trying figure way pay forward,Neutro
oh oh oh!!! gonna go buy Twilight on DVD today  I have to extend my overdraft for the 2nd time in as many weeks so I may aswell!!,oh oh oh gonna go buy Twilight DVD today extend overdraft 2nd time many weeks may aswell,Contento
my very first twitter  awww,first twitter awww,Contento
@SimonBotes glad you like ,glad like,Contento
@theaptour thanks so much ,thanks much,Contento
 Please?: http://eluts.com/frontstore/Item/item_zoom.asp?item_num=3418&ampcatalog_num=3&ampmart_id=lutsdoll&amplevel=yes&ampmother_catalog_num=554,Please  ,Neutro
@SJS86 haha i saw that one the other day. sad. i'm entirely too addicted to that site now. endless laughs ,haha saw one day  sad   entirely addicted site  endless laughs,Molesto
@lolly2420 this is nuts! thanks  I am dying over heah!,nuts thanks dying heah,Contento
"@markhoppus hey mark, i want to know if the song &quotLife's So Boring&quot is really blink 182 , please tell me  doubt been on my head for years",hey mark  want know song quotLife  Boring quot really blink 182  please tell doubt head years,Molesto
just got home from school (: meant to be getting my hair cut .. but i cbf. lol dancing soon ,got home school   meant getting hair cut   cbf  lol dancing soon,Muy Feliz
Awwh babs... you look so sad underneith that shop entrance of &quotYesterday's Musik&quot  O-: I like the look of the new transformer movie ,Awwh babs  look sad underneith shop entrance quotYesterday  Musik quot  like look new transformer movie,Neutro
@lauredhel I just friended you on LJ ,friended LJ,Neutro
eating ice cream to reduce the heat ,eating ice cream reduce heat,Neutro
wow san diego is so beautiful. even more so now that we won  but whats a good game without a good fight(,wow san diego beautiful  even whats good game without good fight ,Contento
@epistemographer @digitalhumanist Doing a disciplinary PhD with the support/structure of a New Media program like that sounds heavenly ,disciplinary PhD support structure New Media program like sounds heavenly,Neutro
@thornbek Erin Esurance is so hot. Carry on ,Erin Esurance hot  Carry,Contento
@Boobookittifukk not there yet. And i beleive so  red carpet sighting i hope.,yet  beleive red carpet sighting hope ,Neutro
the cars in Fast and Furious get me excited ,cars Fast Furious get excited,Contento
@comeagainjen Jennifer ,Jennifer,Neutro
@betzitall Wall-E is a great battle for stress.   Yay for staying up all night and doing homework together!,WallE great battle stress  Yay staying night homework together,Muy Feliz
@honeytech Happy Morning! ,Happy Morning,Muy Feliz
"@SashaKane Um, my kids get up at 5am &amp need their breakfasts cooked, you ready? ",Um  kids get 5am amp need breakfasts cooked  ready ,Contento
@saad_83 I wasn't late  I was right on time,83  late right time,Neutro
@myk14 Thanks buddy *high fives* hehe ,Thanks buddy high fives hehe,Neutro
@sytycda Could not agree more!The unison&amp committment was incredible.Considering the pressure they r under made it all the more amazing ,Could agree unison amp committment incredible  Considering pressure r made amazing,Muy Feliz
@comeagainjen http://twitpic.com/2y2lx - and you are cooler than her she just wants the babiiesss O_O HAHAHAHA ,cooler wants babiiesss OO HAHAHAHA,Contento
@reesh heyyyyyy want to hook it up!! lol ,heyyyyyy want hook lol,Muy Feliz
Saddle Ranch Comedy night. Then back to the boy's house ,Saddle Ranch Comedy night  back boy  house,Neutro
Today I performed for the first and last time at the Grebel talent show. 4 exams left until undergrad is over ,Today performed first last time Grebel talent show  4 exams left undergrad,Neutro
@xShorty4Lifex white!! ,white,Neutro
@JonathanRKnight  i do embrace the simple life.  simple things like a new kids reunion makes me an extremely happy girl ,embrace simple life  simple things like new kids reunion makes extremely happy girl,Contento
had a wonderful Portland evening! Thanks Carrie ,wonderful Portland evening Thanks Carrie,Muy Feliz
6:37 in the morning and haven't been sleep   YAY!,6  37 morning  sleep YAY,Neutro
Headed off to Wal*Mart for more boxes. Uber excited ,Headed Wal Mart boxes  Uber excited,Contento
@axisportals scowls are a lot more temporary than adulthood ,scowls lot temporary adulthood,Neutro
I'm melting. *sighs* Serendipity is such a sweet sweet movie. I love it. , melting  sighs Serendipity sweet sweet movie  love ,Contento
@JonathanRKnight wake up with ah Jon tweet. The Best start for my day  thx Jon love You,wake ah Jon tweet  Best start day thx Jon love,Muy Feliz
Got an inspiration -&gt dyeing my hair! ,Got inspiration gt dyeing hair,Neutro
just  created this account...looking around ,created account  looking around,Neutro
@amyg0716 I'm gunnna do both of those things , gunnna things,Neutro
(@thuquoc) jizzin' in my pants excited about seeing ARMIN VAN BUUREN tomorrow ,  jizzin  pants excited seeing ARMIN VAN BUUREN tomorrow,Contento
@rogieking Congrats on the newborn! Our first is due in June ,Congrats newborn first due June,Neutro
Dodgers beat the Padres  Go Blue!,Dodgers beat Padres Go Blue,Neutro
@jbruin lol esp when your updates hit my phone... ,lol esp updates hit phone ,Muy Feliz
@JonathanRKnight I'm just glad you appreciate Iowa.    Come back in late summer when they're cutting hay...  best..smell.. EVER!, glad appreciate Iowa  Come back late summer  cutting hay  best   smell   EVER,Neutro
@vuittonretarded  awww. Is there anything i can do ,awww  anything,Contento
But I do not mind.  Goodnight,mind  Goodnight,Neutro
@mistressathenax oh lets let it be a surprise. ,oh lets let surprise ,Neutro
Proud future member of the R.B. ,Proud future member RB,Contento
@miss_tattoo heyy!  you got those pictures of Donnie's gift on the USB stick?! ,tattoo heyy got pictures Donnie  gift USB stick ,Neutro
Giant Drag &quotWicked Game&quot ? http://twt.fm/32811 #musicmonday - Better than the original &amp the commercial promo song for Nip/Tuck season 5! ,Giant Drag quotWicked Game quot  musicmonday Better original amp commercial promo song Nip Tuck season 5,Neutro
@web20classroom Fabulous post about WordAhead!  And overall loved your blog.,Fabulous post WordAhead overall loved blog ,Contento
Much Luv to @espressowoman54 &amp @tommyruffin who's now following me on twitter!! ,Much Luv amp  following twitter,Neutro
@KendallMassey @jclayville rocks. But don't tell her I said that ,rocks   tell said,Neutro
@Tiandrance ,,etiqueta
@yoavsegal Morning ,Morning,Neutro
finally back on twitter ,finally back twitter,Neutro
God sho love him some me  feeling really really blessed tonight++++++,God sho love feeling really really blessed tonight,Contento
@adamdexter i can't wait to see you buddy , wait see buddy,Neutro
@allan_at_rogue thanks Allan! They are photos from a Joolz Soiree I held up in Brisbane last year ,atrogue thanks Allan photos Joolz Soiree held Brisbane last year,Neutro
there is link about how to enjoy dark chocolate within the post..  http://chai-coffee.blogspot.com/2009/04/chocolate-flavoured-math.html,link enjoy dark chocolate within post  ,Neutro
ahhh loved this sunny day....I am working a good sun burn on my nose ,ahhh loved sunny day   working good sun burn nose,Muy Feliz
@FoamingBBQ I had to read it last semester.  By &quotread&quot I mean skim for keywords and read online outlines.   Got an A too ,read last semester  quotread quot mean skim keywords read online outlines  Got,Neutro
@dalecruse Yay! Love Box.net  My first business partner Sam Ghods is on the founding team. SO proud of him 4 building an excellent utility,Yay Love Box  net first business partner Sam Ghods founding team  proud 4 building excellent utility,Contento
@JonathanRKnight Glad to hear that you had such a great night! You rock &amp I hope tonight is just the 1st of many feel good shows for you! ,Glad hear great night rock amp hope tonight 1st many feel good shows,Muy Feliz
Anyone else catch Scott Bakula's &quotOh Boy&quot in #Chuck tonight?  ,Anyone else catch Scott Bakula  quotOh Boy quot Chuck tonight ,Neutro
@fatbellybella the media is a trip [period] we have to guard our minds...along with our hearts. Don't fret ms.badu UR THE BEST!! its true ,media trip  period  guard minds  along hearts   fret ms  badu UR BEST true,Muy Feliz
@theDebbyRyan  where!!?!? , ,Neutro
@Laatina MONDAYS ARE WHAT YOU MAKE OF IT. ,MONDAYS MAKE ,Neutro
Well in the past two days I have had 45 min. of sleep.  I'm going to watch TV while laying in bed and try to sleep.. Night peepers ,Well past two days 45 min  sleep   going watch TV laying bed try sleep   Night peepers,Molesto
I'm officially going to bed! Goodnight , officially going bed Goodnight,Neutro
I now have painting clothes!   ,painting clothes,Neutro
@msaleem LOL not yet my brutha from anotha mutha ,LOL yet brutha anotha mutha,Muy Feliz
ryanrossfanz  &lt-- FOLLOW THEM!  Ryan is uber!,ryanrossfanz lt FOLLOW Ryan uber,Neutro
@JonathanRKnight you close your eyes and pick one and hit reply. ,close eyes pick one hit reply ,Neutro
@ronashively Connections Academy has been great for our family...and thousands more across the country!  Happy to tell you more ,Connections Academy great family  thousands across country Happy tell,Muy Feliz
#nightcard The Star: what a wonderful card for a new beginning both for you and Ankie 1.0  Welcome! ,nightcard Star  wonderful card new beginning Ankie 1  0 Welcome,Muy Feliz
Loves the German bakeries in Sydney. Together with my imported honey it feels like home ,Loves German bakeries Sydney  Together imported honey feels like home,Neutro
I'm an uncle now! , uncle,Neutro
@katiehayes415 Levon...couldn't have said it better my self.  ,Levon   said better self ,Contento
@DolfinFan  Our picnic will be fabulous!,picnic fabulous,Contento
@DaveJMatthews Welcome back to NYC! ,Welcome back NYC,Contento
@nashipear Sorry I am talking to my best friend.. So I havent replied!!  But I can talk to you too!,Sorry talking best friend   havent replied talk,Contento
@corinmcblide oh ok then i am gonna go and buy one for when i come up there ,oh ok gonna go buy one come,Contento
tafe quiz then PHOTOSHOOT with my sezdawg ,tafe quiz PHOTOSHOOT sezdawg,Neutro
@berofx: good luck with your challenge , good luck challenge,Muy Feliz
oh oh found some clothes!!  And i love em xD,oh oh found clothes love em xD,Contento
Rocking out to No Doubt and gonna start up some more Neverwinter Nights ,Rocking Doubt gonna start Neverwinter Nights,Neutro
keepin it real.  ,keepin real ,Contento
&lt#¿NOMBRE?,lt NOMBRE ,Neutro
Had a good time at Eat n Park drinking a latte and playing Munchkin Impossible with @Chriswolfe2007. ,good time Eat n Park drinking latte playing Munchkin Impossible ,Neutro
@momentbymoment1 - I'm sure you and your site will! , sure site,Contento
@JonathanRKnight Good luck with the cruise!! Your gonna need it! ,Good luck cruise gonna need,Muy Feliz
@BrittyDS Don't blame me.  I just like good things. ), blame  like good things  ,Muy Feliz
@darkknight808 okay! I think little oven again on wednesday!  7-9pm?,okay think little oven wednesday 79pm ,Neutro
@LoriGama that's most excellent  lotsa people loving you hehe *Winks*, excellent lotsa people loving hehe Winks,Muy Feliz
is now using windows and tweetdeck... temporarily... ,using windows tweetdeck  temporarily ,Neutro
I Joined ShoeDazzle Society by @KimKardashian I am Excited! Can't wait for my Shoe selection!  Link: http://www.shoedazzle.com/,Joined ShoeDazzle Society Excited  wait Shoe selection Link ,Contento
"@robgokeemusic I know - I should have made some, taken them to my meetings &amp I should have foreseen my sister was going 2 pick up a stray ",know made  taken meetings amp foreseen sister going 2 pick stray,Neutro
@JonathanRKnight you can DIRECT MESSAGE us/me/all of us...whatever you want ,DIRECT MESSAGE us us  whatever want,Neutro
@mars2thestars here it is  http://tinyurl.com/hecklerxyz,,etiqueta
Week 2 of the fitness challenge and I'm starting off strong.  Just submitted my stats for the night and it ain't bad ,Week 2 fitness challenge  starting strong  submitted stats night  bad,Neutro
Your Following for a Reason.....  www.facesbyrozzj.com,Following Reason    www  facesbyrozzj  com,Neutro
"@mileycyrus Juz watchin' 3 eps. of your show HM, I must say I instantly became a fan of urs! D Lovin' ur humor so mucho! More power 2 u! ",Juz watchin  3 eps  show HM  must say instantly became fan urs Lovin  ur humor mucho power 2 u,Neutro
I have a new background  It didn't exactly work how I wanted but I was bored with the old one.,new background  exactly work wanted bored old one ,Neutro
If you are at #Paragon please vote my work!  LOL,Paragon please vote work LOL,Muy Feliz
@mrskutcher I keep forgetting you are in a different time zone than normal! I see your 'tweets' about the morning when it's 10:45pm here! ,keep forgetting different time zone normal see  tweets  morning  10  45pm,Neutro
@mantia Do you have an example of the animation? I mean a youtube video or something? I'm curious to see it work. Snowing there too? ,example animation  mean youtube video something   curious see work  Snowing ,Molesto
@TheRudeTypist Need an invite to hunch? ,Need invite hunch ,Neutro
@JonathanRKnight Thought you were a Mac ,Thought Mac,Neutro
@JonathanRKnight Maybe Jordan could help you answer a few? Just an idea.. ,Maybe Jordan could help answer  idea  ,Neutro
"Finally made my map of Panama. &quotWhat's a Panama, is that like an animal?&quot Haha love my friends ",Finally made map Panama  quotWhat  Panama  like animal  quot Haha love friends,Contento
@ManyaS ,,etiqueta
@ddlovato I will gladly give you the squirrel in Jenny's house if you join us. A SQUIRREL. It'll kill two birds with one stone! ,gladly give squirrel Jenny  house join us  SQUIRREL   kill two birds one stone,Contento
Got the vocals done! now time for the best part: the music track or bed! whichever you wanna call it lol ,Got vocals done time best part  music track bed whichever wanna call lol,Muy Feliz
@dfizzy Hey There ! How are you today? ,Hey today ,Neutro
@chocolate_dip lol i wasnt complaining just making sure @yoeyfreshier wasnt getting off before me but @tivon cleared that up ,dip lol wasnt complaining making sure wasnt getting cleared,Muy Feliz
@mademoiselledee That is one freaky movie. I like &quotI got life&quot ,one freaky movie  like quotI got life quot,Neutro
Megan is hanging out ,Megan hanging,Neutro
Going to bed and then up early to prep for an interview in Cleveland tomorrow ,Going bed early prep interview Cleveland tomorrow,Neutro
A healthy remedy for you AND your dog  http://PetParenthood.blogspot.com #dogs,healthy remedy dog dogs,Contento
That was sick. Soma rocks. ,sick  Soma rocks ,Hater
@staceysoleil  yep..lol  I was bored... Edward is hunting with the guys..,yep   lol bored  Edward hunting guys  ,Neutro
@victoriaerin HEYYYYYYYYYYY YOU ,HEYYYYYYYYYYY,Neutro
"Studying philosophy and math... &lt----BLAH aka listening to music and on twitter, facebook, and myspace ",Studying philosophy math  lt BLAH aka listening music twitter  facebook  myspace,Neutro
@JonathanRKnight There is no way on earth that you can answer everyone  Will you ask Donnie if he got the gift from my 9 yr old lastnight?,way earth answer everyone ask Donnie got gift 9 yr old lastnight ,Neutro
on my psp browser for the first time in over a year ,psp browser first time year,Contento
@aparajuli good luck to you ,good luck,Muy Feliz
Is glad the Angels won their first game of the season. ,glad Angels first game season ,Neutro
@misstoriblack I have absolutely no doubt that I will!  here's to your continued success ,absolutely doubt  continued success,Contento
Another day in the office... 2 days to go.  http://twitpic.com/2y2y1,Another day office  2 days go ,Neutro
@mattimassacre nice  yeah so wish I could afford those things,nice yeah wish could afford things,Muy Feliz
@loic I want to see that too! But it'll take so long to get 800 friends.. ,want see  take long get 800 friends  ,Neutro
Uploading the greatest cartoon from the Newspaper ever - regarding Twitter. ,Uploading greatest cartoon Newspaper ever regarding Twitter ,1.0
Studying with friends!  that's my update,Studying friends  update,Neutro
@piercethevic im glad everythings going good for you guys ,im glad everythings going good guys,Muy Feliz
@eddieizzard You wouldn't happen to still be in NYC doing gigs on Friday or Saturday next week? , happen still NYC gigs Friday Saturday next week ,Neutro
ty  @GR8FL - soon I upload too  Emmylou Harris ï¿½ I'll Be Your Baby Tonight (GR8FL)  ? http://blip.fm/~3x8zc,ty soon upload Emmylou Harris ï ½  Baby Tonight  GR8FL  ,Neutro
cheeck thiss hand cuz im marvelous ) boy.. idk hoow im gona make it threw this weeeek ,cheeck thiss hand cuz im marvelous  boy   idk hoow im gona make threw weeeek,1.0
Watching Seven Pounds with my mom. I hope i dont fall asleep. AfterMidnightProject TOMORROW! ,Watching Seven Pounds mom  hope dont fall asleep  AfterMidnightProject TOMORROW,Neutro
@nerdist  That photo IS Vegas ,photo Vegas,Neutro
@elissakim  yeah!  opening day too!,yeah opening day,Neutro
@iamdiddy I feel you I hate working out too! But our results will be MAJOR! When you look good you feel good! ,feel hate working results MAJOR look good feel good,Neutro
@fmsQuatro the A's are my AL team , AL team,Neutro
had a really good day    off to do some shoppping,really good day shoppping,Muy Feliz
@kamy775 ok..I did it...hope it works now ,ok    hope works,Contento
@amp451 good night  sweet dreamz,good night sweet dreamz,Contento
@i140 I hope that Scentsational doesn't get dissed ,hope Scentsational  get dissed,Neutro
will invite people to twitter. ,invite people twitter ,Neutro
@bluestreak23 @jasonandjodie Coming soon enough my friends - Big project in works for just that - Good new and only good news ,Coming soon enough friends Big project works Good new good news,Contento
@cookrn woohoo!  yeah that day i was rockin it hard core  ,woohoo yeah day rockin hard core,Molesto
@imalcolmjames no internship yet but ive got a place to stay. w/ any luck i'll spend some time in teaneck before heading back to utah ,internship yet ive got place stay  w luck  spend time teaneck heading back utah,Neutro
@larryczerwonka Exactly!! ,Exactly,Contento
i wonder how long i can stay up until i pass out and wake up again at 6 ,wonder long stay pass wake 6,Neutro
@DonnieWahlberg Great words of wisdom D-Dub!! Now can you tell the doctor to let me have some alcohol &amp caffeine!! ,Great words wisdom DDub tell doctor let alcohol amp caffeine,Muy Feliz
@Jonathanrknight so good knight and sleep well.  I know I will now!! ,good knight sleep well  know,Muy Feliz
exhausted! but glad i got to see UNC become national champs!  ,exhausted glad got see UNC become national champs,Neutro
Centrelink wasnt as bad as I thought it was going to be !!!! ,Centrelink wasnt bad thought going,Hater
@davesjessica wouldn't want you any other way! , want way,Neutro
Is hella excited cuz the Italian is here ,hella excited cuz Italian,Neutro
Jasmine and Bohdi are here for the holidays!! ,Jasmine Bohdi holidays,Neutro
@pfspleen I'm good! Had some very strange dreams last night but hey dreamin' means i'm sleepin'  How's you this morning?, good strange dreams last night hey dreamin  means  sleepin   morning ,Contento
going outside to jump on my trampoine  WOOOT!,going outside jump trampoine WOOOT,Neutro
@SophieVeronica today was rad. we made it into the finals for cross country YAY. love you sophie &lt3 (L) ps everythins cool with my mates ,today rad  made finals cross country YAY  love sophie lt3  L  ps everythins cool mates,Contento
@Suai Oh &quotShooter&quot is a good movie!  Only seen it once tho.  Gotta put that back on my &quotto watch&quot list! ,Oh quotShooter quot good movie seen tho  Gotta put back quotto watch quot list,Contento
@DonnieWahlberg I can tell u have spoken. FB &amp Twitter are on Fire right now!!  Hope ur feelin better love.  have a great night...,tell u spoken  FB amp Twitter Fire right Hope ur feelin better love  great night ,Contento
@TheAshBall ,,etiqueta
nodame cantabile is &lt3. I think I'm falling in love with classical music. ,nodame cantabile lt3  think  falling love classical music ,Contento
@markegli &amp @kariegli the dinner menu this week is something pasta-y (we have cheese?) and also chicken noodle soup. ,amp dinner menu week something pastay  cheese   also chicken noodle soup ,Molesto
on facebook ,facebook,Neutro
@Croconaw goodnight ,goodnight,Neutro
just got back from starbucks.. tried the tea with lemonade very good  miss gg already. 1st one!,got back starbucks   tried tea lemonade good miss gg already  1st one,Contento
BOOM BOOM POW-oops ,BOOM BOOM POWoops,Neutro
The Super Red Diva !!!  Stupid University ,Super Red Diva Stupid University,Neutro
This latest episode of NewNowNext is like full of awesome! ,latest episode NewNowNext like full awesome,Muy Feliz
@ PBnJen : Thanks for the great tour and making me even more excited to work in PR!  You Rock and so does S&ampB-would love to work there!, PBnJen  Thanks great tour making even excited work PR Rock ampBwould love work,Contento
@DonnieWahlberg YOU give me joy....and you have for years. You are such an amazing man and we are all lucky to know you. ,give joy   years  amazing man lucky know ,Contento
Artistic affirmation from a drunk lady was kinda just what I needed! ,Artistic affirmation drunk lady kinda needed,Neutro
@Honey3223  Honey goodnight I am up really early in the morning busy day will catch up with you later tomorrow ,Honey goodnight really early morning busy day catch later tomorrow,Neutro
Lamb Chowmein for dinner tonight.... hhhmmm with slightly roasted buttered dinner rolls! YUM YUM YUM... so hungry ,Lamb Chowmein dinner tonight   hhhmmm slightly roasted buttered dinner rolls YUM YUM YUM  hungry,Neutro
tweeting from my brand new Sony PSP... just because I CAN!!  ,tweeting brand new Sony PSP ,Neutro
@MussoMitchel Hey you should go on tour sometime with your brother! Metro Station is freakin awesome! ,Hey go tour sometime brother Metro Station freakin awesome,1.0
@juliaroy I've just seen your Flickr and I've fallen in love!!! Just Wonderful!!! Awesome... !!! , seen Flickr  fallen love Wonderful Awesome ,Muy Feliz
@danielc Sorry it wasn't Wrath of Khan.  But we made do. ,Sorry  Wrath Khan  made ,Molesto
"juggernaut, dr. doom, magneto, &amp xavier!  ahahah today was a good day n__n",juggernaut  dr  doom  magneto  amp xavier ahahah today good day nn,Muy Feliz
@ricardooooo we'll have a geek off next time you are in Tahoe!! But you need to get miss vicky jay reciting star wars by then , geek next time Tahoe need get miss vicky jay reciting star wars,Neutro
 aww dont make me blush!,aww dont make blush,Contento
trying to figure this thing out ,trying figure thing,Neutro
watching &quotThe Princess Bride&quot I want a Wesley!!! ,watching quotThe Princess Bride quot want Wesley,Neutro
@lisaholmes you can buy my fiances duplex in Terwillegar ,buy fiances duplex Terwillegar,Neutro
@apleaforaaron i could really eat some cheese  i have a hankering for some austrian smoked cheese. YUM!,could really eat cheese hankering austrian smoked cheese  YUM,Contento
@ddlovato I am so FUCKING jealous of you girl. Have fun though  xxx,FUCKING jealous girl  fun though xxx,Neutro
@ThaStevieG my bunnys name was Lucy  you can go ahead and guess who she was named after lmao,bunnys name Lucy go ahead guess named lmao,Muy Feliz
@pixelpipe any updates for iPhone OS 3.0 yet? I miss you guys ,updates iPhone OS 3  0 yet  miss guys,Neutro
